A000178861W,KARAMA MAHFUDH BREK ATHMAN,KRAMW019202207043370,02/05/2026,|0190433700000033286,ETIMS/TIMS sales,155100.00
P051188806D,QUICK MART LIMITED,KRAMW019202207043370,02/05/2026,|0190433700000033288,ETIMS/TIMS sales,72000.00
P051522497N,MAJID AL FUTTAIM HYPERMARKETS LIMITED,KRAMW019202207043370,02/05/2026,|0190433700000033290,ETIMS/TIMS sales,25920.00
P051522497N,MAJID AL FUTTAIM HYPERMARKETS LIMITED,KRAMW019202207043370,02/05/2026,|0190433700000033291,ETIMS/TIMS sales,16000.00
P051504774L,MAGUNAS SUPER STORE (K) LIMITED,KRAMW019202207043370,02/05/2026,|0190433700000033292,ETIMS/TIMS sales,49100.00
P051188806D,QUICK MART LIMITED,KRAMW019202207043370,02/05/2026,|0190433700000033293,ETIMS/TIMS sales,126300.00
P051188806D,QUICK MART LIMITED,KRAMW019202207043370,02/05/2026,|0190433700000033294,ETIMS/TIMS sales,90825.00
P051188806D,QUICK MART LIMITED,KRAMW019202207043370,02/05/2026,|0190433700000033295,ETIMS/TIMS sales,101300.00
P051188806D,QUICK MART LIMITED,KRAMW019202207043370,02/05/2026,|0190433700000033296,ETIMS/TIMS sales,32000.00
P051188806D,QUICK MART LIMITED,KRAMW019202207043370,02/05/2026,|0190433700000033297,ETIMS/TIMS sales,109725.00
P051118598P,Mahitaji Enterprises Limited,KRAMW019202207043370,02/05/2026,|0190433700000033299,ETIMS/TIMS sales,-33900.00
P051118598P,Mahitaji Enterprises Limited,KRAMW019202207043370,02/05/2026,|0190433700000033300,ETIMS/TIMS sales,-49000.00
P051651318S,Munch 254 Limited,KRAMW019202207043370,02/05/2026,|0190433700000033302,ETIMS/TIMS sales,17625.00
P051229512W,Eedi Kenya Limited,KRAMW019202207043370,02/05/2026,|0190433700000033303,ETIMS/TIMS sales,1636900.00
P051188806D,QUICK MART LIMITED,KRAMW019202207043370,04/05/2026,|0190433700000033304,ETIMS/TIMS sales,24000.00
P051188806D,QUICK MART LIMITED,KRAMW019202207043370,04/05/2026,|0190433700000033305,ETIMS/TIMS sales,91250.00
P051188806D,QUICK MART LIMITED,KRAMW019202207043370,04/05/2026,|0190433700000033306,ETIMS/TIMS sales,64000.00
P051188806D,QUICK MART LIMITED,KRAMW019202207043370,04/05/2026,|0190433700000033308,ETIMS/TIMS sales,102250.00
P000601772P,Chandarana Supermarket Limited,KRAMW019202207043370,04/05/2026,|0190433700000033309,ETIMS/TIMS sales,7600.00
P051188806D,QUICK MART LIMITED,KRAMW019202207043370,04/05/2026,|0190433700000033310,ETIMS/TIMS sales,16000.00
P051188806D,QUICK MART LIMITED,KRAMW019202207043370,04/05/2026,|0190433700000033312,ETIMS/TIMS sales,86050.00
P051188806D,QUICK MART LIMITED,KRAMW019202207043370,04/05/2026,|0190433700000033313,ETIMS/TIMS sales,32000.00
P051188806D,QUICK MART LIMITED,KRAMW019202207043370,04/05/2026,|0190433700000033314,ETIMS/TIMS sales,37450.00
P051188806D,QUICK MART LIMITED,KRAMW019202207043370,04/05/2026,|0190433700000033315,ETIMS/TIMS sales,5300.00
P051188806D,QUICK MART LIMITED,KRAMW019202207043370,04/05/2026,|0190433700000033316,ETIMS/TIMS sales,31800.00
P051188806D,QUICK MART LIMITED,KRAMW019202207043370,04/05/2026,|0190433700000033317,ETIMS/TIMS sales,250925.00
P051188806D,QUICK MART LIMITED,KRAMW019202207043370,04/05/2026,|0190433700000033318,ETIMS/TIMS sales,89050.00
P051188806D,QUICK MART LIMITED,KRAMW019202207043370,04/05/2026,|0190433700000033319,ETIMS/TIMS sales,45850.00
P051188806D,QUICK MART LIMITED,KRAMW019202207043370,04/05/2026,|0190433700000033321,ETIMS/TIMS sales,34900.00
P051188806D,QUICK MART LIMITED,KRAMW019202207043370,04/05/2026,|0190433700000033322,ETIMS/TIMS sales,50900.00
P051188806D,QUICK MART LIMITED,KRAMW019202207043370,04/05/2026,|0190433700000033323,ETIMS/TIMS sales,115100.00
P051188806D,QUICK MART LIMITED,KRAMW019202207043370,04/05/2026,|0190433700000033324,ETIMS/TIMS sales,49325.00
P051188806D,QUICK MART LIMITED,KRAMW019202207043370,04/05/2026,|0190433700000033325,ETIMS/TIMS sales,382250.00
P051188806D,QUICK MART LIMITED,KRAMW019202207043370,04/05/2026,|0190433700000033326,ETIMS/TIMS sales,45450.00
P051188806D,QUICK MART LIMITED,KRAMW019202207043370,04/05/2026,|0190433700000033327,ETIMS/TIMS sales,83525.00
P051188806D,QUICK MART LIMITED,KRAMW019202207043370,04/05/2026,|0190433700000033328,ETIMS/TIMS sales,32000.00
P051188806D,QUICK MART LIMITED,KRAMW019202207043370,04/05/2026,|0190433700000033329,ETIMS/TIMS sales,160000.00
P051188806D,QUICK MART LIMITED,KRAMW019202207043370,04/05/2026,|0190433700000033330,ETIMS/TIMS sales,60900.00
P051188806D,QUICK MART LIMITED,KRAMW019202207043370,04/05/2026,|0190433700000033331,ETIMS/TIMS sales,40000.00
P051188806D,QUICK MART LIMITED,KRAMW019202207043370,04/05/2026,|0190433700000033332,ETIMS/TIMS sales,117200.00
P051188806D,QUICK MART LIMITED,KRAMW019202207043370,04/05/2026,|0190433700000033333,ETIMS/TIMS sales,16000.00
P051188806D,QUICK MART LIMITED,KRAMW019202207043370,04/05/2026,|0190433700000033334,ETIMS/TIMS sales,87500.00
P051188806D,QUICK MART LIMITED,KRAMW019202207043370,04/05/2026,|0190433700000033337,ETIMS/TIMS sales,29350.00
P051188806D,QUICK MART LIMITED,KRAMW019202207043370,04/05/2026,|0190433700000033338,ETIMS/TIMS sales,109700.00
P051345406W,Cafesserie Limited,KRAMW019202207043370,04/05/2026,|0190433700000033339,ETIMS/TIMS sales,18300.00
P051188806D,QUICK MART LIMITED,KRAMW019202207043370,04/05/2026,|0190433700000033340,ETIMS/TIMS sales,62250.00
P051188806D,QUICK MART LIMITED,KRAMW019202207043370,04/05/2026,|0190433700000033341,ETIMS/TIMS sales,164125.00
P051188806D,QUICK MART LIMITED,KRAMW019202207043370,04/05/2026,|0190433700000033342,ETIMS/TIMS sales,54400.00
P051188806D,QUICK MART LIMITED,KRAMW019202207043370,04/05/2026,|0190433700000033343,ETIMS/TIMS sales,144000.00
P051522497N,MAJID AL FUTTAIM HYPERMARKETS LIMITED,KRAMW019202207043370,04/05/2026,|0190433700000033344,ETIMS/TIMS sales,35550.00
P051123223G,NAIVAS LIMITED,KRAMW019202207043370,04/05/2026,|0190433700000033345,ETIMS/TIMS sales,203203.00
P051188806D,QUICK MART LIMITED,KRAMW019202207043370,04/05/2026,|0190433700000033346,ETIMS/TIMS sales,64000.00
P051100907F,PANDYA MEMORIAL HOSPITAL,KRAMW019202207043370,04/05/2026,|0190433700000033347,ETIMS/TIMS sales,33000.00
P051522497N,MAJID AL FUTTAIM HYPERMARKETS LIMITED,KRAMW019202207043370,04/05/2026,|0190433700000033352,ETIMS/TIMS sales,40400.00
P051522497N,MAJID AL FUTTAIM HYPERMARKETS LIMITED,KRAMW019202207043370,04/05/2026,|0190433700000033353,ETIMS/TIMS sales,46250.00
P051522497N,MAJID AL FUTTAIM HYPERMARKETS LIMITED,KRAMW019202207043370,04/05/2026,|0190433700000033354,ETIMS/TIMS sales,48000.00
P051522497N,MAJID AL FUTTAIM HYPERMARKETS LIMITED,KRAMW019202207043370,04/05/2026,|0190433700000033355,ETIMS/TIMS sales,59550.00
P051522497N,MAJID AL FUTTAIM HYPERMARKETS LIMITED,KRAMW019202207043370,04/05/2026,|0190433700000033358,ETIMS/TIMS sales,8000.00
P051522497N,MAJID AL FUTTAIM HYPERMARKETS LIMITED,KRAMW019202207043370,04/05/2026,|0190433700000033359,ETIMS/TIMS sales,24000.00
P051522497N,MAJID AL FUTTAIM HYPERMARKETS LIMITED,KRAMW019202207043370,04/05/2026,|0190433700000033360,ETIMS/TIMS sales,8000.00
P051522497N,MAJID AL FUTTAIM HYPERMARKETS LIMITED,KRAMW019202207043370,04/05/2026,|0190433700000033361,ETIMS/TIMS sales,8000.00
P051522497N,MAJID AL FUTTAIM HYPERMARKETS LIMITED,KRAMW019202207043370,04/05/2026,|0190433700000033362,ETIMS/TIMS sales,16000.00
P051522497N,MAJID AL FUTTAIM HYPERMARKETS LIMITED,KRAMW019202207043370,04/05/2026,|0190433700000033363,ETIMS/TIMS sales,16000.00
P051522497N,MAJID AL FUTTAIM HYPERMARKETS LIMITED,KRAMW019202207043370,04/05/2026,|0190433700000033364,ETIMS/TIMS sales,40100.00
P051522497N,MAJID AL FUTTAIM HYPERMARKETS LIMITED,KRAMW019202207043370,04/05/2026,|0190433700000033366,ETIMS/TIMS sales,267650.00
P051522497N,MAJID AL FUTTAIM HYPERMARKETS LIMITED,KRAMW019202207043370,04/05/2026,|0190433700000033367,ETIMS/TIMS sales,203200.00
P051522497N,MAJID AL FUTTAIM HYPERMARKETS LIMITED,KRAMW019202207043370,04/05/2026,|0190433700000033368,ETIMS/TIMS sales,133900.00
P051522497N,MAJID AL FUTTAIM HYPERMARKETS LIMITED,KRAMW019202207043370,04/05/2026,|0190433700000033369,ETIMS/TIMS sales,137150.00
P052424870H,REFRONTIER XANA PHARMACY LIMITED,KRAMW019202207043370,04/05/2026,|0190433700000033370,ETIMS/TIMS sales,259000.00
P051522497N,MAJID AL FUTTAIM HYPERMARKETS LIMITED,KRAMW019202207043370,05/05/2026,|0190433700000033371,ETIMS/TIMS sales,89050.00
P051522497N,MAJID AL FUTTAIM HYPERMARKETS LIMITED,KRAMW019202207043370,05/05/2026,|0190433700000033372,ETIMS/TIMS sales,40000.00
P000619188N,Baobab Beach Resort Mombasa Limited,KRAMW019202207043370,05/05/2026,|0190433700000033374,ETIMS/TIMS sales,164250.00
P051591662G,Prideinn Paradise Beach Resort Limited,KRAMW019202207043370,05/05/2026,|0190433700000033375,ETIMS/TIMS sales,192000.00
P051522497N,MAJID AL FUTTAIM HYPERMARKETS LIMITED,KRAMW019202207043370,05/05/2026,|0190433700000033376,ETIMS/TIMS sales,16000.00
P051522497N,MAJID AL FUTTAIM HYPERMARKETS LIMITED,KRAMW019202207043370,05/05/2026,|0190433700000033377,ETIMS/TIMS sales,8000.00
P000591538Q,New Westland Stores Limited,KRAMW019202207043370,05/05/2026,|0190433700000033378,ETIMS/TIMS sales,-4500.00
P051522497N,MAJID AL FUTTAIM HYPERMARKETS LIMITED,KRAMW019202207043370,05/05/2026,|0190433700000033380,ETIMS/TIMS sales,204050.00
P051188806D,QUICK MART LIMITED,KRAMW019202207043370,05/05/2026,|0190433700000033381,ETIMS/TIMS sales,56000.00
P051522497N,MAJID AL FUTTAIM HYPERMARKETS LIMITED,KRAMW019202207043370,05/05/2026,|0190433700000033382,ETIMS/TIMS sales,129600.00
P051522497N,MAJID AL FUTTAIM HYPERMARKETS LIMITED,KRAMW019202207043370,05/05/2026,|0190433700000033383,ETIMS/TIMS sales,51850.00
P051522497N,MAJID AL FUTTAIM HYPERMARKETS LIMITED,KRAMW019202207043370,05/05/2026,|0190433700000033384,ETIMS/TIMS sales,29450.00
P051522497N,MAJID AL FUTTAIM HYPERMARKETS LIMITED,KRAMW019202207043370,05/05/2026,|0190433700000033385,ETIMS/TIMS sales,104750.00
P051522497N,MAJID AL FUTTAIM HYPERMARKETS LIMITED,KRAMW019202207043370,05/05/2026,|0190433700000033386,ETIMS/TIMS sales,16000.00
P051522497N,MAJID AL FUTTAIM HYPERMARKETS LIMITED,KRAMW019202207043370,05/05/2026,|0190433700000033387,ETIMS/TIMS sales,32000.00
P000601772P,Chandarana Supermarket Limited,KRAMW019202207043370,05/05/2026,|0190433700000033388,ETIMS/TIMS sales,30281.25
P051706493V,S K NAFAKA COMMODITIES LIMITED,KRAMW019202207043370,05/05/2026,|0190433700000033390,ETIMS/TIMS sales,-65600.00
P000620224D,Bacchus Grocers Limited,KRAMW019202207043370,05/05/2026,|0190433700000033391,ETIMS/TIMS sales,11600.00
P051188806D,QUICK MART LIMITED,KRAMW019202207043370,05/05/2026,|0190433700000033393,ETIMS/TIMS sales,5184000.00
P052013881Z,GLOVO INFRASTRUCTURE SERVICES KENYA LTD,KRAMW019202207043370,05/05/2026,|0190433700000033394,ETIMS/TIMS sales,33390.00
P000601772P,Chandarana Supermarket Limited,KRAMW019202207043370,05/05/2026,|0190433700000033395,ETIMS/TIMS sales,8858.75
P000601772P,Chandarana Supermarket Limited,KRAMW019202207043370,05/05/2026,|0190433700000033397,ETIMS/TIMS sales,5035.00
P000601772P,Chandarana Supermarket Limited,KRAMW019202207043370,05/05/2026,|0190433700000033398,ETIMS/TIMS sales,18192.50
P000601772P,Chandarana Supermarket Limited,KRAMW019202207043370,05/05/2026,|0190433700000033399,ETIMS/TIMS sales,59541.25
P000601772P,Chandarana Supermarket Limited,KRAMW019202207043370,05/05/2026,|0190433700000033400,ETIMS/TIMS sales,32600.00
P000601772P,Chandarana Supermarket Limited,KRAMW019202207043370,05/05/2026,|0190433700000033401,ETIMS/TIMS sales,29950.00
P000601772P,Chandarana Supermarket Limited,KRAMW019202207043370,05/05/2026,|0190433700000033402,ETIMS/TIMS sales,7100.00
P000601772P,Chandarana Supermarket Limited,KRAMW019202207043370,05/05/2026,|0190433700000033403,ETIMS/TIMS sales,13988.75
P000601772P,Chandarana Supermarket Limited,KRAMW019202207043370,05/05/2026,|0190433700000033404,ETIMS/TIMS sales,16800.00
P000601772P,Chandarana Supermarket Limited,KRAMW019202207043370,05/05/2026,|0190433700000033405,ETIMS/TIMS sales,28262.50
P000601772P,Chandarana Supermarket Limited,KRAMW019202207043370,05/05/2026,|0190433700000033406,ETIMS/TIMS sales,15025.00
P000601772P,Chandarana Supermarket Limited,KRAMW019202207043370,05/05/2026,|0190433700000033407,ETIMS/TIMS sales,7695.00
P000601772P,Chandarana Supermarket Limited,KRAMW019202207043370,05/05/2026,|0190433700000033408,ETIMS/TIMS sales,107200.00
P051522497N,MAJID AL FUTTAIM HYPERMARKETS LIMITED,KRAMW019202207043370,05/05/2026,|0190433700000033409,ETIMS/TIMS sales,14200.00
P051522497N,MAJID AL FUTTAIM HYPERMARKETS LIMITED,KRAMW019202207043370,05/05/2026,|0190433700000033410,ETIMS/TIMS sales,155520.00
P051522497N,MAJID AL FUTTAIM HYPERMARKETS LIMITED,KRAMW019202207043370,05/05/2026,|0190433700000033411,ETIMS/TIMS sales,1555200.00
P051522497N,MAJID AL FUTTAIM HYPERMARKETS LIMITED,KRAMW019202207043370,05/05/2026,|0190433700000033412,ETIMS/TIMS sales,622080.00
P051522497N,MAJID AL FUTTAIM HYPERMARKETS LIMITED,KRAMW019202207043370,05/05/2026,|0190433700000033413,ETIMS/TIMS sales,777600.00
P051522497N,MAJID AL FUTTAIM HYPERMARKETS LIMITED,KRAMW019202207043370,05/05/2026,|0190433700000033414,ETIMS/TIMS sales,1944000.00
P051522497N,MAJID AL FUTTAIM HYPERMARKETS LIMITED,KRAMW019202207043370,05/05/2026,|0190433700000033415,ETIMS/TIMS sales,388800.00
P051522497N,MAJID AL FUTTAIM HYPERMARKETS LIMITED,KRAMW019202207043370,05/05/2026,|0190433700000033416,ETIMS/TIMS sales,453600.00
P051522497N,MAJID AL FUTTAIM HYPERMARKETS LIMITED,KRAMW019202207043370,05/05/2026,|0190433700000033418,ETIMS/TIMS sales,842400.00
P051522497N,MAJID AL FUTTAIM HYPERMARKETS LIMITED,KRAMW019202207043370,05/05/2026,|0190433700000033419,ETIMS/TIMS sales,311040.00
P051522497N,MAJID AL FUTTAIM HYPERMARKETS LIMITED,KRAMW019202207043370,05/05/2026,|0190433700000033420,ETIMS/TIMS sales,25920.00
P051522497N,MAJID AL FUTTAIM HYPERMARKETS LIMITED,KRAMW019202207043370,05/05/2026,|0190433700000033421,ETIMS/TIMS sales,77760.00
P051522497N,MAJID AL FUTTAIM HYPERMARKETS LIMITED,KRAMW019202207043370,05/05/2026,|0190433700000033422,ETIMS/TIMS sales,40000.00
P051522497N,MAJID AL FUTTAIM HYPERMARKETS LIMITED,KRAMW019202207043370,05/05/2026,|0190433700000033423,ETIMS/TIMS sales,50800.00
P051522497N,MAJID AL FUTTAIM HYPERMARKETS LIMITED,KRAMW019202207043370,05/05/2026,|0190433700000033424,ETIMS/TIMS sales,25900.00
P051522497N,MAJID AL FUTTAIM HYPERMARKETS LIMITED,KRAMW019202207043370,05/05/2026,|0190433700000033425,ETIMS/TIMS sales,72400.00
P051522497N,MAJID AL FUTTAIM HYPERMARKETS LIMITED,KRAMW019202207043370,05/05/2026,|0190433700000033426,ETIMS/TIMS sales,19650.00
P051229512W,Eedi Kenya Limited,KRAMW019202207043370,05/05/2026,|0190433700000033427,ETIMS/TIMS sales,1461000.00
P051522497N,MAJID AL FUTTAIM HYPERMARKETS LIMITED,KRAMW019202207043370,06/05/2026,|0190433700000033430,ETIMS/TIMS sales,1684800.00
P051188806D,,KRAMW019202207043370,06/05/2026,|0190433700000033431,ETIMS/TIMS sales,45550.00
P051118598P,,KRAMW019202207043370,06/05/2026,|0190433700000033433,ETIMS/TIMS sales,613000.00
P051522497N,,KRAMW019202207043370,06/05/2026,|0190433700000033434,ETIMS/TIMS sales,1555200.00
P000601772P,,KRAMW019202207043370,06/05/2026,|0190433700000033435,ETIMS/TIMS sales,666211.25
P051504774L,,KRAMW019202207043370,06/05/2026,|0190433700000033436,ETIMS/TIMS sales,83925.00
P051522497N,,KRAMW019202207043370,06/05/2026,|0190433700000033437,ETIMS/TIMS sales,22400.00
P051530275C,Reliable Food And Logistics Limited,KRAMW019202207043370,06/05/2026,|0190433700000033438,ETIMS/TIMS sales,97500.00
P051530275C,,KRAMW019202207043370,06/05/2026,|0190433700000033439,ETIMS/TIMS sales,396000.00
P000601772P,,KRAMW019202207043370,06/05/2026,|0190433700000033440,ETIMS/TIMS sales,144803.75
P000601772P,,KRAMW019202207043370,06/05/2026,|0190433700000033441,ETIMS/TIMS sales,3823.75
P051522497N,MAJID AL FUTTAIM HYPERMARKETS LIMITED,KRAMW019202207043370,06/05/2026,|0190433700000033442,ETIMS/TIMS sales,127400.00
P051188806D,,KRAMW019202207043370,06/05/2026,|0190433700000033444,ETIMS/TIMS sales,86925.00
P051133258U,,KRAMW019202207043370,06/05/2026,|0190433700000033445,ETIMS/TIMS sales,270000.00
P051504774L,,KRAMW019202207043370,06/05/2026,|0190433700000033446,ETIMS/TIMS sales,63075.00
P051504774L,,KRAMW019202207043370,06/05/2026,|0190433700000033447,ETIMS/TIMS sales,55075.00
P000601772P,,KRAMW019202207043370,06/05/2026,|0190433700000033448,ETIMS/TIMS sales,307277.50
P051687330L,SAM WEST DISTRIBUTORS LIMITED,KRAMW019202207043370,06/05/2026,|0190433700000033449,ETIMS/TIMS sales,2539750.00
P052013881Z,,KRAMW019202207043370,06/05/2026,|0190433700000033455,ETIMS/TIMS sales,6650.00
P000601772P,,KRAMW019202207043370,06/05/2026,|0190433700000033456,ETIMS/TIMS sales,4025.00
P051188806D,,KRAMW019202207043370,06/05/2026,|0190433700000033457,ETIMS/TIMS sales,230575.00
P051188806D,,KRAMW019202207043370,06/05/2026,|0190433700000033458,ETIMS/TIMS sales,73000.00
P051188806D,QUICK MART LIMITED,KRAMW019202207043370,06/05/2026,|0190433700000033459,ETIMS/TIMS sales,38250.00
P051188806D,,KRAMW019202207043370,06/05/2026,|0190433700000033460,ETIMS/TIMS sales,88000.00
P051188806D,,KRAMW019202207043370,06/05/2026,|0190433700000033461,ETIMS/TIMS sales,45300.00
P051188806D,,KRAMW019202207043370,06/05/2026,|0190433700000033462,ETIMS/TIMS sales,19000.00
P051504774L,,KRAMW019202207043370,06/05/2026,|0190433700000033463,ETIMS/TIMS sales,45400.00
P051504774L,,KRAMW019202207043370,06/05/2026,|0190433700000033464,ETIMS/TIMS sales,159600.00
P051594980U,,KRAMW019202207043370,06/05/2026,|0190433700000033465,ETIMS/TIMS sales,16000.00
P051874168U,,KRAMW019202207043370,06/05/2026,|0190433700000033466,ETIMS/TIMS sales,73500.00
P051522497N,MAJID AL FUTTAIM HYPERMARKETS LIMITED,KRAMW019202207043370,06/05/2026,|0190433700000033467,ETIMS/TIMS sales,64800.00
P051522497N,,KRAMW019202207043370,06/05/2026,|0190433700000033468,ETIMS/TIMS sales,129600.00
P051522497N,,KRAMW019202207043370,06/05/2026,|0190433700000033469,ETIMS/TIMS sales,129600.00
P051522497N,,KRAMW019202207043370,06/05/2026,|0190433700000033470,ETIMS/TIMS sales,324000.00
P051522497N,,KRAMW019202207043370,06/05/2026,|0190433700000033471,ETIMS/TIMS sales,324000.00
P051522497N,,KRAMW019202207043370,06/05/2026,|0190433700000033472,ETIMS/TIMS sales,324000.00
P051633702W,,KRAMW019202207043370,06/05/2026,|0190433700000033473,ETIMS/TIMS sales,61000.00
P051522497N,,KRAMW019202207043370,06/05/2026,|0190433700000033474,ETIMS/TIMS sales,259200.00
P051522497N,,KRAMW019202207043370,06/05/2026,|0190433700000033475,ETIMS/TIMS sales,129600.00
P051522497N,,KRAMW019202207043370,06/05/2026,|0190433700000033476,ETIMS/TIMS sales,32400.00
P051522497N,,KRAMW019202207043370,06/05/2026,|0190433700000033477,ETIMS/TIMS sales,129600.00
P051522497N,,KRAMW019202207043370,06/05/2026,|0190433700000033478,ETIMS/TIMS sales,259200.00
P051522497N,,KRAMW019202207043370,06/05/2026,|0190433700000033479,ETIMS/TIMS sales,324000.00
P051522497N,,KRAMW019202207043370,06/05/2026,|0190433700000033480,ETIMS/TIMS sales,324000.00
P051522497N,,KRAMW019202207043370,06/05/2026,|0190433700000033481,ETIMS/TIMS sales,388800.00
P051522497N,,KRAMW019202207043370,06/05/2026,|0190433700000033482,ETIMS/TIMS sales,129600.00
P051522497N,,KRAMW019202207043370,06/05/2026,|0190433700000033483,ETIMS/TIMS sales,129600.00
P051522497N,,KRAMW019202207043370,06/05/2026,|0190433700000033484,ETIMS/TIMS sales,32400.00
P051230411B,,KRAMW019202207043370,06/05/2026,|0190433700000033485,ETIMS/TIMS sales,1709000.00
P000601772P,,KRAMW019202207043370,06/05/2026,|0190433700000033486,ETIMS/TIMS sales,-82124.22
P000601772P,,KRAMW019202207043370,06/05/2026,|0190433700000033487,ETIMS/TIMS sales,-195482.26
P000601772P,,KRAMW019202207043370,06/05/2026,|0190433700000033488,ETIMS/TIMS sales,-597045.58
P051594980U,,KRAMW019202207043370,06/05/2026,|0190433700000033489,ETIMS/TIMS sales,64400.00
P051799702S,,KRAMW019202207043370,06/05/2026,|0190433700000033490,ETIMS/TIMS sales,13000.00
P051188806D,,KRAMW019202207043370,06/05/2026,|0190433700000033491,ETIMS/TIMS sales,54250.00
P051504774L,,KRAMW019202207043370,06/05/2026,|0190433700000033492,ETIMS/TIMS sales,90925.00
P051188806D,,KRAMW019202207043370,06/05/2026,|0190433700000033493,ETIMS/TIMS sales,64000.00
P051522497N,,KRAMW019202207043370,06/05/2026,|0190433700000033494,ETIMS/TIMS sales,8000.00
P000601772P,Chandarana Supermarket Limited,KRAMW019202207043370,06/05/2026,|0190433700000033495,ETIMS/TIMS sales,2682000.00
P051522497N,,KRAMW019202207043370,07/05/2026,|0190433700000033496,ETIMS/TIMS sales,259200.00
P051522497N,,KRAMW019202207043370,07/05/2026,|0190433700000033497,ETIMS/TIMS sales,194400.00
P051522497N,,KRAMW019202207043370,07/05/2026,|0190433700000033498,ETIMS/TIMS sales,194400.00
P000614975E,,KRAMW019202207043370,07/05/2026,|0190433700000033500,ETIMS/TIMS sales,-512.00
P051522497N,,KRAMW019202207043370,07/05/2026,|0190433700000033501,ETIMS/TIMS sales,259200.00
P051522497N,,KRAMW019202207043370,07/05/2026,|0190433700000033502,ETIMS/TIMS sales,129600.00
P051522497N,,KRAMW019202207043370,07/05/2026,|0190433700000033503,ETIMS/TIMS sales,194400.00
P051522497N,,KRAMW019202207043370,07/05/2026,|0190433700000033504,ETIMS/TIMS sales,48000.00
P000601772P,,KRAMW019202207043370,07/05/2026,|0190433700000033505,ETIMS/TIMS sales,4141500.00
P000601772P,,KRAMW019202207043370,07/05/2026,|0190433700000033506,ETIMS/TIMS sales,-595523.23
P051229512W,,KRAMW019202207043370,07/05/2026,|0190433700000033507,ETIMS/TIMS sales,1395125.00
P051133258U,,KRAMW019202207043370,07/05/2026,|0190433700000033508,ETIMS/TIMS sales,41000.00
P000591538Q,,KRAMW019202207043370,07/05/2026,|0190433700000033509,ETIMS/TIMS sales,155600.00
P051210970U,,KRAMW019202207043370,07/05/2026,|0190433700000033510,ETIMS/TIMS sales,99000.00
P051522497N,,KRAMW019202207043370,07/05/2026,|0190433700000033511,ETIMS/TIMS sales,77760.00
P051504774L,,KRAMW019202207043370,07/05/2026,|0190433700000033512,ETIMS/TIMS sales,102150.00
P051568932R,,KRAMW019202207043370,07/05/2026,|0190433700000033513,ETIMS/TIMS sales,383000.00
P051522497N,,KRAMW019202207043370,07/05/2026,|0190433700000033514,ETIMS/TIMS sales,72200.00
P051188806D,,KRAMW019202207043370,07/05/2026,|0190433700000033515,ETIMS/TIMS sales,81725.00
P051676640N,LAKHANI GENERAL SUPPLIERS LIMITED,KRAMW019202207043370,08/05/2026,|0190433700000033516,ETIMS/TIMS sales,554000.00
P051127539B,Kranti Enterprises Limited,KRAMW019202207043370,08/05/2026,|0190433700000033518,ETIMS/TIMS sales,12800.00
P051188806D,QUICK MART LIMITED,KRAMW019202207043370,08/05/2026,|0190433700000033519,ETIMS/TIMS sales,24050.00
P051522497N,MAJID AL FUTTAIM HYPERMARKETS LIMITED,KRAMW019202207043370,08/05/2026,|0190433700000033520,ETIMS/TIMS sales,101375.00
P051123223G,NAIVAS LIMITED,KRAMW019202207043370,08/05/2026,|0190433700000033521,ETIMS/TIMS sales,-1177156.38
P051145649C,FAYAZ BAKERS LIMITED,KRAMW019202207043370,08/05/2026,|0190433700000033523,ETIMS/TIMS sales,37100.00
P051123223G,NAIVAS LIMITED,KRAMW019202207043370,08/05/2026,|0190433700000033524,ETIMS/TIMS sales,1177156.38
P051123223G,NAIVAS LIMITED,KRAMW019202207043370,08/05/2026,|0190433700000033525,ETIMS/TIMS sales,-1194301.48
P051146029U,Baraka Supermarket,KRAMW019202207043370,08/05/2026,|0190433700000033526,ETIMS/TIMS sales,46200.00
P051447063J,RAISONS DISTRIBUTORS LIMITED,KRAMW019202207043370,08/05/2026,|0190433700000033527,ETIMS/TIMS sales,679000.00
P000614975E,KILIMANI GREENGROCERS AND SUNDRIES LIMITED,KRAMW019202207043370,08/05/2026,|0190433700000033528,ETIMS/TIMS sales,835000.00
P051504774L,MAGUNAS SUPER STORE (K) LIMITED,KRAMW019202207043370,09/05/2026,|0190433700000033529,ETIMS/TIMS sales,34400.00
P051220113Z,AMBER PROPERTIES LIMITED,KRAMW019202207043370,09/05/2026,|0190433700000033530,ETIMS/TIMS sales,36600.00
P000601772P,Chandarana Supermarket Limited,KRAMW019202207043370,09/05/2026,|0190433700000033531,ETIMS/TIMS sales,79182.50
P051522497N,MAJID AL FUTTAIM HYPERMARKETS LIMITED,KRAMW019202207043370,09/05/2026,|0190433700000033532,ETIMS/TIMS sales,466560.00
P051373450Z,Best Buy Distributors,KRAMW019202207043370,09/05/2026,|0190433700000033533,ETIMS/TIMS sales,104500.00
P051504774L,MAGUNAS SUPER STORE (K) LIMITED,KRAMW019202207043370,09/05/2026,|0190433700000033534,ETIMS/TIMS sales,16100.00
P000639585Q,ELDOMATT SUPERMAKET LIMITED,KRAMW019202207043370,09/05/2026,|0190433700000033535,ETIMS/TIMS sales,6720000.00
P051574025A,MZAMSSA DISTRIBUTORS LIMITED,KRAMW019202207043370,09/05/2026,|0190433700000033536,ETIMS/TIMS sales,828000.00
P051522497N,MAJID AL FUTTAIM HYPERMARKETS LIMITED,KRAMW019202207043370,11/05/2026,|0190433700000033537,ETIMS/TIMS sales,25425.00
P051522497N,MAJID AL FUTTAIM HYPERMARKETS LIMITED,KRAMW019202207043370,11/05/2026,|0190433700000033538,ETIMS/TIMS sales,48000.00
P051522497N,MAJID AL FUTTAIM HYPERMARKETS LIMITED,KRAMW019202207043370,11/05/2026,|0190433700000033539,ETIMS/TIMS sales,161850.00
P051522497N,MAJID AL FUTTAIM HYPERMARKETS LIMITED,KRAMW019202207043370,11/05/2026,|0190433700000033540,ETIMS/TIMS sales,22400.00
P051522497N,MAJID AL FUTTAIM HYPERMARKETS LIMITED,KRAMW019202207043370,11/05/2026,|0190433700000033541,ETIMS/TIMS sales,8000.00
P051522497N,MAJID AL FUTTAIM HYPERMARKETS LIMITED,KRAMW019202207043370,11/05/2026,|0190433700000033542,ETIMS/TIMS sales,57000.00
P051522497N,MAJID AL FUTTAIM HYPERMARKETS LIMITED,KRAMW019202207043370,11/05/2026,|0190433700000033543,ETIMS/TIMS sales,233725.00
P051522497N,MAJID AL FUTTAIM HYPERMARKETS LIMITED,KRAMW019202207043370,11/05/2026,|0190433700000033544,ETIMS/TIMS sales,120600.00
P051522497N,MAJID AL FUTTAIM HYPERMARKETS LIMITED,KRAMW019202207043370,11/05/2026,|0190433700000033546,ETIMS/TIMS sales,69500.00
P051522497N,MAJID AL FUTTAIM HYPERMARKETS LIMITED,KRAMW019202207043370,11/05/2026,|0190433700000033547,ETIMS/TIMS sales,8000.00
P051522497N,MAJID AL FUTTAIM HYPERMARKETS LIMITED,KRAMW019202207043370,11/05/2026,|0190433700000033548,ETIMS/TIMS sales,8000.00
P051188806D,QUICK MART LIMITED,KRAMW019202207043370,11/05/2026,|0190433700000033549,ETIMS/TIMS sales,49325.00
P051188806D,QUICK MART LIMITED,KRAMW019202207043370,11/05/2026,|0190433700000033550,ETIMS/TIMS sales,27700.00
P051188806D,QUICK MART LIMITED,KRAMW019202207043370,11/05/2026,|0190433700000033551,ETIMS/TIMS sales,48000.00
P051812966Q,VIMAN DISTRIBUTORS KENYA LTD,KRAMW019202207043370,11/05/2026,|0190433700000033552,ETIMS/TIMS sales,1047000.00
A001694222P,JOHN KAMAU WAWERU,KRAMW019202207043370,11/05/2026,|0190433700000033553,ETIMS/TIMS sales,192200.00
P051654627I,TUCHA TRADING LIMITED,KRAMW019202207043370,11/05/2026,|0190433700000033554,ETIMS/TIMS sales,262000.00
P000595126V,Taita Hills And Salt Lick Wildlife Resort Limited,KRAMW019202207043370,11/05/2026,|0190433700000033555,ETIMS/TIMS sales,160000.00
P051237631A,AL HASHIMIYAH SUPERMAKET LIMITED,KRAMW019202207043370,11/05/2026,|0190433700000033556,ETIMS/TIMS sales,33800.00
P051504774L,MAGUNAS SUPER STORE (K) LIMITED,KRAMW019202207043370,11/05/2026,|0190433700000033557,ETIMS/TIMS sales,53790.00
P051188806D,QUICK MART LIMITED,KRAMW019202207043370,11/05/2026,|0190433700000033558,ETIMS/TIMS sales,-382250.00
P051100907F,PANDYA MEMORIAL HOSPITAL,KRAMW019202207043370,11/05/2026,|0190433700000033559,ETIMS/TIMS sales,33000.00
P051100907F,PANDYA MEMORIAL HOSPITAL,KRAMW019202207043370,11/05/2026,|0190433700000033560,ETIMS/TIMS sales,11000.00
P051651318S,Munch 254 Limited,KRAMW019202207043370,11/05/2026,|0190433700000033561,ETIMS/TIMS sales,17625.00
P051188806D,QUICK MART LIMITED,KRAMW019202207043370,11/05/2026,|0190433700000033563,ETIMS/TIMS sales,144250.00
P051522497N,MAJID AL FUTTAIM HYPERMARKETS LIMITED,KRAMW019202207043370,11/05/2026,|0190433700000033564,ETIMS/TIMS sales,112825.00
P051522497N,MAJID AL FUTTAIM HYPERMARKETS LIMITED,KRAMW019202207043370,11/05/2026,|0190433700000033565,ETIMS/TIMS sales,48000.00
P051522497N,MAJID AL FUTTAIM HYPERMARKETS LIMITED,KRAMW019202207043370,11/05/2026,|0190433700000033566,ETIMS/TIMS sales,155650.00
P000601772P,Chandarana Supermarket Limited,KRAMW019202207043370,11/05/2026,|0190433700000033567,ETIMS/TIMS sales,7980.00
P051594980U,Green Spoon Ltd,KRAMW019202207043370,11/05/2026,|0190433700000033568,ETIMS/TIMS sales,16800.00
P051522497N,MAJID AL FUTTAIM HYPERMARKETS LIMITED,KRAMW019202207043370,11/05/2026,|0190433700000033569,ETIMS/TIMS sales,311040.00
P051522497N,MAJID AL FUTTAIM HYPERMARKETS LIMITED,KRAMW019202207043370,11/05/2026,|0190433700000033570,ETIMS/TIMS sales,25920.00
P051522497N,MAJID AL FUTTAIM HYPERMARKETS LIMITED,KRAMW019202207043370,11/05/2026,|0190433700000033571,ETIMS/TIMS sales,64800.00
P051522497N,MAJID AL FUTTAIM HYPERMARKETS LIMITED,KRAMW019202207043370,11/05/2026,|0190433700000033572,ETIMS/TIMS sales,25920.00
P051384956N,PWANI CABLES AND ELEC. LTD,KRAMW019202207043370,12/05/2026,|0190433700000033578,ETIMS/TIMS sales,40000.00
P051188806D,QUICK MART LIMITED,KRAMW019202207043370,12/05/2026,|0190433700000033579,ETIMS/TIMS sales,78875.00
P051188806D,QUICK MART LIMITED,KRAMW019202207043370,12/05/2026,|0190433700000033580,ETIMS/TIMS sales,32000.00
P051522497N,MAJID AL FUTTAIM HYPERMARKETS LIMITED,KRAMW019202207043370,12/05/2026,|0190433700000033581,ETIMS/TIMS sales,142600.00
P051522497N,MAJID AL FUTTAIM HYPERMARKETS LIMITED,KRAMW019202207043370,12/05/2026,|0190433700000033582,ETIMS/TIMS sales,39300.00
P051522497N,MAJID AL FUTTAIM HYPERMARKETS LIMITED,KRAMW019202207043370,12/05/2026,|0190433700000033583,ETIMS/TIMS sales,69300.00
P051522497N,MAJID AL FUTTAIM HYPERMARKETS LIMITED,KRAMW019202207043370,12/05/2026,|0190433700000033584,ETIMS/TIMS sales,34750.00
P051522497N,MAJID AL FUTTAIM HYPERMARKETS LIMITED,KRAMW019202207043370,12/05/2026,|0190433700000033585,ETIMS/TIMS sales,54350.00
P051522497N,MAJID AL FUTTAIM HYPERMARKETS LIMITED,KRAMW019202207043370,12/05/2026,|0190433700000033586,ETIMS/TIMS sales,22250.00
P051188806D,QUICK MART LIMITED,KRAMW019202207043370,12/05/2026,|0190433700000033587,ETIMS/TIMS sales,93950.00
P051522497N,MAJID AL FUTTAIM HYPERMARKETS LIMITED,KRAMW019202207043370,12/05/2026,|0190433700000033588,ETIMS/TIMS sales,24000.00
P051118598P,Mahitaji Enterprises Limited,KRAMW019202207043370,12/05/2026,|0190433700000033589,ETIMS/TIMS sales,910600.00
P051188806D,QUICK MART LIMITED,KRAMW019202207043370,12/05/2026,|0190433700000033590,ETIMS/TIMS sales,46250.00
P051522497N,MAJID AL FUTTAIM HYPERMARKETS LIMITED,KRAMW019202207043370,12/05/2026,|0190433700000033591,ETIMS/TIMS sales,267550.00
P051522497N,MAJID AL FUTTAIM HYPERMARKETS LIMITED,KRAMW019202207043370,12/05/2026,|0190433700000033592,ETIMS/TIMS sales,259200.00
P051444845F,BURNELY GROCERS,KRAMW019202207043370,12/05/2026,|0190433700000033599,ETIMS/TIMS sales,49550.00
P051693383R,KEIYO DISTRIBUTORS LIMITED,KRAMW019202207043370,12/05/2026,|0190433700000033600,ETIMS/TIMS sales,2945500.00
P052013881Z,GLOVO INFRASTRUCTURE SERVICES KENYA LTD,KRAMW019202207043370,12/05/2026,|0190433700000033601,ETIMS/TIMS sales,50540.00
P052013881Z,GLOVO INFRASTRUCTURE SERVICES KENYA LTD,KRAMW019202207043370,12/05/2026,|0190433700000033602,ETIMS/TIMS sales,20090.00
P000601772P,Chandarana Supermarket Limited,KRAMW019202207043370,12/05/2026,|0190433700000033603,ETIMS/TIMS sales,12920.00
P051522497N,MAJID AL FUTTAIM HYPERMARKETS LIMITED,KRAMW019202207043370,12/05/2026,|0190433700000033604,ETIMS/TIMS sales,103680.00
P051522497N,MAJID AL FUTTAIM HYPERMARKETS LIMITED,KRAMW019202207043370,12/05/2026,|0190433700000033605,ETIMS/TIMS sales,8000.00
P051188806D,QUICK MART LIMITED,KRAMW019202207043370,12/05/2026,|0190433700000033606,ETIMS/TIMS sales,20025.00
P000601772P,Chandarana Supermarket Limited,KRAMW019202207043370,12/05/2026,|0190433700000033607,ETIMS/TIMS sales,3918.75
P051687330L,SAM WEST DISTRIBUTORS LIMITED,KRAMW019202207043370,12/05/2026,|0190433700000033608,ETIMS/TIMS sales,1261000.00
P051118598P,Mahitaji Enterprises Limited,KRAMW019202207043370,12/05/2026,|0190433700000033611,ETIMS/TIMS sales,-176400.00
P051229512W,Eedi Kenya Limited,KRAMW019202207043370,12/05/2026,|0190433700000033614,ETIMS/TIMS sales,758250.00
P051504774L,MAGUNAS SUPER STORE (K) LIMITED,KRAMW019202207043370,13/05/2026,|0190433700000033617,ETIMS/TIMS sales,-563.20
P051504774L,MAGUNAS SUPER STORE (K) LIMITED,KRAMW019202207043370,13/05/2026,|0190433700000033618,ETIMS/TIMS sales,-563.20
P051522497N,MAJID AL FUTTAIM HYPERMARKETS LIMITED,KRAMW019202207043370,13/05/2026,|0190433700000033620,ETIMS/TIMS sales,61300.00
P051123223G,NAIVAS LIMITED,KRAMW019202207043370,13/05/2026,|0190433700000033622,ETIMS/TIMS sales,449781.00
P051123223G,NAIVAS LIMITED,KRAMW019202207043370,13/05/2026,|0190433700000033623,ETIMS/TIMS sales,146170.50
P051123223G,NAIVAS LIMITED,KRAMW019202207043370,13/05/2026,|0190433700000033624,ETIMS/TIMS sales,821230.00
P051123223G,NAIVAS LIMITED,KRAMW019202207043370,13/05/2026,|0190433700000033625,ETIMS/TIMS sales,435552.00
P051123223G,NAIVAS LIMITED,KRAMW019202207043370,13/05/2026,|0190433700000033626,ETIMS/TIMS sales,245229.00
P051123223G,NAIVAS LIMITED,KRAMW019202207043370,13/05/2026,|0190433700000033627,ETIMS/TIMS sales,317417.00
P051123223G,NAIVAS LIMITED,KRAMW019202207043370,13/05/2026,|0190433700000033628,ETIMS/TIMS sales,8000.00
P051123223G,NAIVAS LIMITED,KRAMW019202207043370,13/05/2026,|0190433700000033629,ETIMS/TIMS sales,24324.00
P051123223G,NAIVAS LIMITED,KRAMW019202207043370,13/05/2026,|0190433700000033630,ETIMS/TIMS sales,5620000.00
P051123223G,NAIVAS LIMITED,KRAMW019202207043370,13/05/2026,|0190433700000033631,ETIMS/TIMS sales,539030.00
P051123223G,NAIVAS LIMITED,KRAMW019202207043370,13/05/2026,|0190433700000033632,ETIMS/TIMS sales,1052082.80
P051123223G,NAIVAS LIMITED,KRAMW019202207043370,13/05/2026,|0190433700000033633,ETIMS/TIMS sales,93550.50
P051123223G,NAIVAS LIMITED,KRAMW019202207043370,13/05/2026,|0190433700000033634,ETIMS/TIMS sales,21700.00
P051123223G,NAIVAS LIMITED,KRAMW019202207043370,13/05/2026,|0190433700000033635,ETIMS/TIMS sales,428760.00
P051123223G,NAIVAS LIMITED,KRAMW019202207043370,13/05/2026,|0190433700000033636,ETIMS/TIMS sales,934290.00
P051123223G,NAIVAS LIMITED,KRAMW019202207043370,13/05/2026,|0190433700000033637,ETIMS/TIMS sales,214380.00
P051123223G,NAIVAS LIMITED,KRAMW019202207043370,13/05/2026,|0190433700000033638,ETIMS/TIMS sales,27900.00
P051123223G,NAIVAS LIMITED,KRAMW019202207043370,13/05/2026,|0190433700000033639,ETIMS/TIMS sales,162884.50
P051123223G,NAIVAS LIMITED,KRAMW019202207043370,13/05/2026,|0190433700000033640,ETIMS/TIMS sales,1089000.00
P051123223G,NAIVAS LIMITED,KRAMW019202207043370,13/05/2026,|0190433700000033641,ETIMS/TIMS sales,404959.00
P051123223G,NAIVAS LIMITED,KRAMW019202207043370,13/05/2026,|0190433700000033642,ETIMS/TIMS sales,22100.00
P051123223G,NAIVAS LIMITED,KRAMW019202207043370,13/05/2026,|0190433700000033643,ETIMS/TIMS sales,490801.00
P051504774L,MAGUNAS SUPER STORE (K) LIMITED,KRAMW019202207043370,13/05/2026,|0190433700000033647,ETIMS/TIMS sales,732290.00
P051188806D,QUICK MART LIMITED,KRAMW019202207043370,13/05/2026,|0190433700000033648,ETIMS/TIMS sales,73525.00
P051188806D,QUICK MART LIMITED,KRAMW019202207043370,13/05/2026,|0190433700000033649,ETIMS/TIMS sales,64000.00
P051188806D,QUICK MART LIMITED,KRAMW019202207043370,13/05/2026,|0190433700000033651,ETIMS/TIMS sales,74025.00
P051522497N,MAJID AL FUTTAIM HYPERMARKETS LIMITED,KRAMW019202207043370,13/05/2026,|0190433700000033652,ETIMS/TIMS sales,78450.00
P051188806D,QUICK MART LIMITED,KRAMW019202207043370,13/05/2026,|0190433700000033653,ETIMS/TIMS sales,67450.00
P051188806D,QUICK MART LIMITED,KRAMW019202207043370,13/05/2026,|0190433700000033655,ETIMS/TIMS sales,46200.00
P051188806D,QUICK MART LIMITED,KRAMW019202207043370,13/05/2026,|0190433700000033656,ETIMS/TIMS sales,64000.00
P051188806D,QUICK MART LIMITED,KRAMW019202207043370,13/05/2026,|0190433700000033657,ETIMS/TIMS sales,45650.00
P000609939J,BAWAN LIMITED,KRAMW019202207043370,13/05/2026,|0190433700000033659,ETIMS/TIMS sales,25800.00
P051109430T,KAMINDI SELFRIDGES (SUPERMARKETS) LIMITED,KRAMW019202207043370,13/05/2026,|0190433700000033660,ETIMS/TIMS sales,296900.00
P051229512W,Eedi Kenya Limited,KRAMW019202207043370,13/05/2026,|0190433700000033661,ETIMS/TIMS sales,860250.00
P051522497N,MAJID AL FUTTAIM HYPERMARKETS LIMITED,KRAMW019202207043370,13/05/2026,|0190433700000033663,ETIMS/TIMS sales,16000.00
P051188806D,QUICK MART LIMITED,KRAMW019202207043370,13/05/2026,|0190433700000033665,ETIMS/TIMS sales,16000.00
P051522497N,MAJID AL FUTTAIM HYPERMARKETS LIMITED,KRAMW019202207043370,14/05/2026,|0190433700000033667,ETIMS/TIMS sales,-324000.00
P051188806D,QUICK MART LIMITED,KRAMW019202207043370,14/05/2026,|0190433700000033669,ETIMS/TIMS sales,-6631828.69
P051188806D,QUICK MART LIMITED,KRAMW019202207043370,14/05/2026,|0190433700000033670,ETIMS/TIMS sales,-4296240.00
P051522497N,MAJID AL FUTTAIM HYPERMARKETS LIMITED,KRAMW019202207043370,14/05/2026,|0190433700000033671,ETIMS/TIMS sales,-83980.80
P051233242P,Mt Kenya Wholeseller Traders Limited,KRAMW019202207043370,14/05/2026,|0190433700000033673,ETIMS/TIMS sales,327000.00
P051233242P,Mt Kenya Wholeseller Traders Limited,KRAMW019202207043370,14/05/2026,|0190433700000033674,ETIMS/TIMS sales,39200.00
P051188806D,QUICK MART LIMITED,KRAMW019202207043370,14/05/2026,|0190433700000033675,ETIMS/TIMS sales,96000.00
P051504774L,MAGUNAS SUPER STORE (K) LIMITED,KRAMW019202207043370,14/05/2026,|0190433700000033676,ETIMS/TIMS sales,39470.00
P051843349M,Ck Upscales Limited,KRAMW019202207043370,14/05/2026,|0190433700000033677,ETIMS/TIMS sales,79250.00
P052025472B,Pattani Savers Limited,KRAMW019202207043370,14/05/2026,|0190433700000033680,ETIMS/TIMS sales,114000.00
P051188806D,QUICK MART LIMITED,KRAMW019202207043370,14/05/2026,|0190433700000033681,ETIMS/TIMS sales,96850.00
P051188806D,QUICK MART LIMITED,KRAMW019202207043370,14/05/2026,|0190433700000033683,ETIMS/TIMS sales,16000.00
P051504774L,MAGUNAS SUPER STORE (K) LIMITED,KRAMW019202207043370,14/05/2026,|0190433700000033684,ETIMS/TIMS sales,41360.00
P051522497N,MAJID AL FUTTAIM HYPERMARKETS LIMITED,KRAMW019202207043370,14/05/2026,|0190433700000033685,ETIMS/TIMS sales,155520.00
P052257611W,JAZARIBU RETAIL LIMITED,KRAMW019202207043370,15/05/2026,|0190433700000033687,ETIMS/TIMS sales,-36614.74
P052257611W,JAZARIBU RETAIL LIMITED,KRAMW019202207043370,15/05/2026,|0190433700000033688,ETIMS/TIMS sales,-17405.34
P051229512W,Eedi Kenya Limited,KRAMW019202207043370,15/05/2026,|0190433700000033690,ETIMS/TIMS sales,-3075.00
P051229512W,Eedi Kenya Limited,KRAMW019202207043370,15/05/2026,|0190433700000033691,ETIMS/TIMS sales,-6150.00
P051229512W,Eedi Kenya Limited,KRAMW019202207043370,15/05/2026,|0190433700000033694,ETIMS/TIMS sales,-11900.00
P051843349M,Ck Upscales Limited,KRAMW019202207043370,15/05/2026,|0190433700000033696,ETIMS/TIMS sales,-13200.00
P000619188N,Baobab Beach Resort Mombasa Limited,KRAMW019202207043370,15/05/2026,|0190433700000033697,ETIMS/TIMS sales,123000.00
P051163853Y,Samrat Supermarket Limited,KRAMW019202207043370,15/05/2026,|0190433700000033698,ETIMS/TIMS sales,297150.00
P051188806D,QUICK MART LIMITED,KRAMW019202207043370,15/05/2026,|0190433700000033699,ETIMS/TIMS sales,38400.00
P051188806D,QUICK MART LIMITED,KRAMW019202207043370,15/05/2026,|0190433700000033701,ETIMS/TIMS sales,80000.00
P051504774L,MAGUNAS SUPER STORE (K) LIMITED,KRAMW019202207043370,15/05/2026,|0190433700000033702,ETIMS/TIMS sales,262050.00
P051504774L,MAGUNAS SUPER STORE (K) LIMITED,KRAMW019202207043370,15/05/2026,|0190433700000033703,ETIMS/TIMS sales,54655.00
P051188806D,QUICK MART LIMITED,KRAMW019202207043370,15/05/2026,|0190433700000033704,ETIMS/TIMS sales,80000.00
P000614975E,KILIMANI GREENGROCERS AND SUNDRIES LIMITED,KRAMW019202207043370,15/05/2026,|0190433700000033705,ETIMS/TIMS sales,195000.00
P000601772P,Chandarana Supermarket Limited,KRAMW019202207043370,15/05/2026,|0190433700000033706,ETIMS/TIMS sales,7980.00
P000601772P,Chandarana Supermarket Limited,KRAMW019202207043370,15/05/2026,|0190433700000033707,ETIMS/TIMS sales,3918.75
P000601772P,Chandarana Supermarket Limited,KRAMW019202207043370,15/05/2026,|0190433700000033708,ETIMS/TIMS sales,5035.00
P051123223G,NAIVAS LIMITED,KRAMW019202207043370,15/05/2026,|0190433700000033709,ETIMS/TIMS sales,-1394450.92
P051229512W,Eedi Kenya Limited,KRAMW019202207043370,15/05/2026,|0190433700000033710,ETIMS/TIMS sales,-8324.99
P051229512W,Eedi Kenya Limited,KRAMW019202207043370,15/05/2026,|0190433700000033711,ETIMS/TIMS sales,-20499.99
P051229512W,Eedi Kenya Limited,KRAMW019202207043370,15/05/2026,|0190433700000033712,ETIMS/TIMS sales,-16729.50
P051229512W,Eedi Kenya Limited,KRAMW019202207043370,15/05/2026,|0190433700000033713,ETIMS/TIMS sales,-11650.00
P000601772P,Chandarana Supermarket Limited,KRAMW019202207043370,15/05/2026,|0190433700000033714,ETIMS/TIMS sales,229900.00
P000601772P,Chandarana Supermarket Limited,KRAMW019202207043370,15/05/2026,|0190433700000033715,ETIMS/TIMS sales,99892.50
P000601772P,Chandarana Supermarket Limited,KRAMW019202207043370,15/05/2026,|0190433700000033716,ETIMS/TIMS sales,251845.00
P051574025A,MZAMSSA DISTRIBUTORS LIMITED,KRAMW019202207043370,15/05/2026,|0190433700000033717,ETIMS/TIMS sales,545000.00
P051188806D,QUICK MART LIMITED,KRAMW019202207043370,15/05/2026,|0190433700000033718,ETIMS/TIMS sales,41425.00
P051654627I,TUCHA TRADING LIMITED,KRAMW019202207043370,15/05/2026,|0190433700000033719,ETIMS/TIMS sales,50000.00
P051133258U,Adamji Multi Supplies Limited,KRAMW019202207043370,15/05/2026,|0190433700000033720,ETIMS/TIMS sales,82000.00
P051188806D,QUICK MART LIMITED,KRAMW019202207043370,15/05/2026,|0190433700000033722,ETIMS/TIMS sales,4860000.00
P051147517U,Spire Properties Kenya Limited,KRAMW019202207043370,16/05/2026,|0190433700000033723,ETIMS/TIMS sales,68000.00
P000601772P,Chandarana Supermarket Limited,KRAMW019202207043370,16/05/2026,|0190433700000033724,ETIMS/TIMS sales,124806.25
P051676640N,LAKHANI GENERAL SUPPLIERS LIMITED,KRAMW019202207043370,16/05/2026,|0190433700000033726,ETIMS/TIMS sales,554000.00
P051188806D,QUICK MART LIMITED,KRAMW019202207043370,16/05/2026,|0190433700000033727,ETIMS/TIMS sales,64000.00
P051188806D,QUICK MART LIMITED,KRAMW019202207043370,16/05/2026,|0190433700000033728,ETIMS/TIMS sales,76050.00
P051594980U,Green Spoon Ltd,KRAMW019202207043370,16/05/2026,|0190433700000033729,ETIMS/TIMS sales,48800.00
P051504774L,MAGUNAS SUPER STORE (K) LIMITED,KRAMW019202207043370,16/05/2026,|0190433700000033730,ETIMS/TIMS sales,128505.00
A003821833Z,FRIDAH KIENDE MUKINDIA,KRAMW019202207043370,16/05/2026,|0190433700000033732,ETIMS/TIMS sales,67500.00
P051229512W,Eedi Kenya Limited,KRAMW019202207043370,16/05/2026,|0190433700000033733,ETIMS/TIMS sales,484000.00
P000628139B,Cherangani Hills Limited,KRAMW019202207043370,16/05/2026,|0190433700000033734,ETIMS/TIMS sales,96000.00
P051229512W,Eedi Kenya Limited,KRAMW019202207043370,16/05/2026,|0190433700000033735,ETIMS/TIMS sales,1793750.00
P051522497N,MAJID AL FUTTAIM HYPERMARKETS LIMITED,KRAMW019202207043370,18/05/2026,|0190433700000033738,ETIMS/TIMS sales,42750.00
P051522497N,MAJID AL FUTTAIM HYPERMARKETS LIMITED,KRAMW019202207043370,18/05/2026,|0190433700000033739,ETIMS/TIMS sales,134400.00
P051522497N,MAJID AL FUTTAIM HYPERMARKETS LIMITED,KRAMW019202207043370,18/05/2026,|0190433700000033742,ETIMS/TIMS sales,89600.00
P051522497N,MAJID AL FUTTAIM HYPERMARKETS LIMITED,KRAMW019202207043370,18/05/2026,|0190433700000033743,ETIMS/TIMS sales,37300.00
P051522497N,MAJID AL FUTTAIM HYPERMARKETS LIMITED,KRAMW019202207043370,18/05/2026,|0190433700000033744,ETIMS/TIMS sales,134400.00
P051188806D,QUICK MART LIMITED,KRAMW019202207043370,18/05/2026,|0190433700000033745,ETIMS/TIMS sales,112175.00
P051522497N,MAJID AL FUTTAIM HYPERMARKETS LIMITED,KRAMW019202207043370,18/05/2026,|0190433700000033746,ETIMS/TIMS sales,134400.00
P051570429A,Bosphorus Company Limited,KRAMW019202207043370,18/05/2026,|0190433700000033749,ETIMS/TIMS sales,11000.00
P051100907F,PANDYA MEMORIAL HOSPITAL,KRAMW019202207043370,18/05/2026,|0190433700000033750,ETIMS/TIMS sales,44000.00
P051118598P,Mahitaji Enterprises Limited,KRAMW019202207043370,18/05/2026,|0190433700000033751,ETIMS/TIMS sales,680500.00
P051188806D,QUICK MART LIMITED,KRAMW019202207043370,18/05/2026,|0190433700000033752,ETIMS/TIMS sales,513425.00
P051188806D,QUICK MART LIMITED,KRAMW019202207043370,18/05/2026,|0190433700000033754,ETIMS/TIMS sales,53300.00
P051188806D,QUICK MART LIMITED,KRAMW019202207043370,18/05/2026,|0190433700000033755,ETIMS/TIMS sales,88050.00
P051188806D,QUICK MART LIMITED,KRAMW019202207043370,18/05/2026,|0190433700000033757,ETIMS/TIMS sales,96850.00
P051504774L,MAGUNAS SUPER STORE (K) LIMITED,KRAMW019202207043370,18/05/2026,|0190433700000033758,ETIMS/TIMS sales,25870.00
P051188806D,QUICK MART LIMITED,KRAMW019202207043370,18/05/2026,|0190433700000033759,ETIMS/TIMS sales,89350.00
P000601772P,Chandarana Supermarket Limited,KRAMW019202207043370,18/05/2026,|0190433700000033760,ETIMS/TIMS sales,5300.00
P051188806D,QUICK MART LIMITED,KRAMW019202207043370,18/05/2026,|0190433700000033761,ETIMS/TIMS sales,61125.00
P000601772P,Chandarana Supermarket Limited,KRAMW019202207043370,18/05/2026,|0190433700000033762,ETIMS/TIMS sales,5035.00
P051188806D,QUICK MART LIMITED,KRAMW019202207043370,18/05/2026,|0190433700000033763,ETIMS/TIMS sales,40000.00
P051522497N,MAJID AL FUTTAIM HYPERMARKETS LIMITED,KRAMW019202207043370,18/05/2026,|0190433700000033764,ETIMS/TIMS sales,8000.00
P051522497N,MAJID AL FUTTAIM HYPERMARKETS LIMITED,KRAMW019202207043370,18/05/2026,|0190433700000033765,ETIMS/TIMS sales,32400.00
P051522497N,MAJID AL FUTTAIM HYPERMARKETS LIMITED,KRAMW019202207043370,18/05/2026,|0190433700000033766,ETIMS/TIMS sales,33475.00
P051522497N,MAJID AL FUTTAIM HYPERMARKETS LIMITED,KRAMW019202207043370,18/05/2026,|0190433700000033767,ETIMS/TIMS sales,24000.00
P051522497N,MAJID AL FUTTAIM HYPERMARKETS LIMITED,KRAMW019202207043370,18/05/2026,|0190433700000033768,ETIMS/TIMS sales,123525.00
P051522497N,MAJID AL FUTTAIM HYPERMARKETS LIMITED,KRAMW019202207043370,18/05/2026,|0190433700000033769,ETIMS/TIMS sales,121600.00
P051522497N,MAJID AL FUTTAIM HYPERMARKETS LIMITED,KRAMW019202207043370,18/05/2026,|0190433700000033770,ETIMS/TIMS sales,73700.00
P051522497N,MAJID AL FUTTAIM HYPERMARKETS LIMITED,KRAMW019202207043370,18/05/2026,|0190433700000033772,ETIMS/TIMS sales,84400.00
P051522497N,MAJID AL FUTTAIM HYPERMARKETS LIMITED,KRAMW019202207043370,18/05/2026,|0190433700000033774,ETIMS/TIMS sales,40000.00
P051123223G,NAIVAS LIMITED,KRAMW019202207043370,19/05/2026,|0190433700000033775,ETIMS/TIMS sales,9512120.00
A002672963C,JACQUELINE SELINA PAMBA,KRAMW019202207043370,19/05/2026,|0190433700000033776,ETIMS/TIMS sales,28750.00
P051188806D,QUICK MART LIMITED,KRAMW019202207043370,19/05/2026,|0190433700000033777,ETIMS/TIMS sales,115550.00
P051188806D,QUICK MART LIMITED,KRAMW019202207043370,19/05/2026,|0190433700000033778,ETIMS/TIMS sales,119400.00
P051188806D,QUICK MART LIMITED,KRAMW019202207043370,19/05/2026,|0190433700000033779,ETIMS/TIMS sales,86775.00
P051504774L,MAGUNAS SUPER STORE (K) LIMITED,KRAMW019202207043370,19/05/2026,|0190433700000033780,ETIMS/TIMS sales,37085.00
P051700166B,Ghanshyam Greenmart Limited,KRAMW019202207043370,19/05/2026,|0190433700000033781,ETIMS/TIMS sales,72750.00
A002672963C,JACQUELINE SELINA PAMBA,KRAMW019202207043370,19/05/2026,|0190433700000033782,ETIMS/TIMS sales,5750.00
P052418927M,SEAFORK GENERAL SUPPLIES LIMITED,KRAMW019202207043370,19/05/2026,|0190433700000033783,ETIMS/TIMS sales,114000.00
P052013881Z,GLOVO INFRASTRUCTURE SERVICES KENYA LTD,KRAMW019202207043370,19/05/2026,|0190433700000033784,ETIMS/TIMS sales,15600.00
P052013881Z,GLOVO INFRASTRUCTURE SERVICES KENYA LTD,KRAMW019202207043370,19/05/2026,|0190433700000033785,ETIMS/TIMS sales,19950.00
P051188806D,QUICK MART LIMITED,KRAMW019202207043370,19/05/2026,|0190433700000033786,ETIMS/TIMS sales,32000.00
P051504774L,MAGUNAS SUPER STORE (K) LIMITED,KRAMW019202207043370,19/05/2026,|0190433700000033787,ETIMS/TIMS sales,59790.00
P051188806D,QUICK MART LIMITED,KRAMW019202207043370,19/05/2026,|0190433700000033789,ETIMS/TIMS sales,24000.00
P051188806D,QUICK MART LIMITED,KRAMW019202207043370,19/05/2026,|0190433700000033790,ETIMS/TIMS sales,94625.00
P051188806D,QUICK MART LIMITED,KRAMW019202207043370,20/05/2026,|0190433700000033792,ETIMS/TIMS sales,55075.00
P051188806D,QUICK MART LIMITED,KRAMW019202207043370,20/05/2026,|0190433700000033794,ETIMS/TIMS sales,61300.00
P051203756Z,Kibuye Matt Limited,KRAMW019202207043370,20/05/2026,|0190433700000033795,ETIMS/TIMS sales,354450.00
P051522497N,MAJID AL FUTTAIM HYPERMARKETS LIMITED,KRAMW019202207043370,20/05/2026,|0190433700000033796,ETIMS/TIMS sales,448000.00
P051522497N,MAJID AL FUTTAIM HYPERMARKETS LIMITED,KRAMW019202207043370,20/05/2026,|0190433700000033797,ETIMS/TIMS sales,44800.00
P051522497N,MAJID AL FUTTAIM HYPERMARKETS LIMITED,KRAMW019202207043370,20/05/2026,|0190433700000033798,ETIMS/TIMS sales,44800.00
P051522497N,MAJID AL FUTTAIM HYPERMARKETS LIMITED,KRAMW019202207043370,20/05/2026,|0190433700000033799,ETIMS/TIMS sales,22400.00
P051522497N,MAJID AL FUTTAIM HYPERMARKETS LIMITED,KRAMW019202207043370,20/05/2026,|0190433700000033800,ETIMS/TIMS sales,22400.00
P051522497N,MAJID AL FUTTAIM HYPERMARKETS LIMITED,KRAMW019202207043370,20/05/2026,|0190433700000033801,ETIMS/TIMS sales,22400.00
P051522497N,MAJID AL FUTTAIM HYPERMARKETS LIMITED,KRAMW019202207043370,20/05/2026,|0190433700000033802,ETIMS/TIMS sales,17920.00
P051522497N,MAJID AL FUTTAIM HYPERMARKETS LIMITED,KRAMW019202207043370,20/05/2026,|0190433700000033803,ETIMS/TIMS sales,22400.00
P051522497N,MAJID AL FUTTAIM HYPERMARKETS LIMITED,KRAMW019202207043370,20/05/2026,|0190433700000033804,ETIMS/TIMS sales,22400.00
P051522497N,MAJID AL FUTTAIM HYPERMARKETS LIMITED,KRAMW019202207043370,20/05/2026,|0190433700000033805,ETIMS/TIMS sales,44800.00
P051522497N,MAJID AL FUTTAIM HYPERMARKETS LIMITED,KRAMW019202207043370,20/05/2026,|0190433700000033806,ETIMS/TIMS sales,358400.00
P051522497N,MAJID AL FUTTAIM HYPERMARKETS LIMITED,KRAMW019202207043370,20/05/2026,|0190433700000033807,ETIMS/TIMS sales,44800.00
P051522497N,MAJID AL FUTTAIM HYPERMARKETS LIMITED,KRAMW019202207043370,20/05/2026,|0190433700000033808,ETIMS/TIMS sales,22400.00
P051522497N,MAJID AL FUTTAIM HYPERMARKETS LIMITED,KRAMW019202207043370,20/05/2026,|0190433700000033809,ETIMS/TIMS sales,22400.00
P051522497N,MAJID AL FUTTAIM HYPERMARKETS LIMITED,KRAMW019202207043370,20/05/2026,|0190433700000033810,ETIMS/TIMS sales,22400.00
P051522497N,MAJID AL FUTTAIM HYPERMARKETS LIMITED,KRAMW019202207043370,20/05/2026,|0190433700000033811,ETIMS/TIMS sales,22400.00
P051522497N,MAJID AL FUTTAIM HYPERMARKETS LIMITED,KRAMW019202207043370,20/05/2026,|0190433700000033812,ETIMS/TIMS sales,22400.00
P051522497N,MAJID AL FUTTAIM HYPERMARKETS LIMITED,KRAMW019202207043370,20/05/2026,|0190433700000033813,ETIMS/TIMS sales,44800.00
P051522497N,MAJID AL FUTTAIM HYPERMARKETS LIMITED,KRAMW019202207043370,20/05/2026,|0190433700000033814,ETIMS/TIMS sales,22400.00
P051522497N,MAJID AL FUTTAIM HYPERMARKETS LIMITED,KRAMW019202207043370,20/05/2026,|0190433700000033815,ETIMS/TIMS sales,448000.00
P051522497N,MAJID AL FUTTAIM HYPERMARKETS LIMITED,KRAMW019202207043370,20/05/2026,|0190433700000033816,ETIMS/TIMS sales,134400.00
P051522497N,MAJID AL FUTTAIM HYPERMARKETS LIMITED,KRAMW019202207043370,20/05/2026,|0190433700000033817,ETIMS/TIMS sales,44800.00
P051522497N,MAJID AL FUTTAIM HYPERMARKETS LIMITED,KRAMW019202207043370,20/05/2026,|0190433700000033818,ETIMS/TIMS sales,448000.00
P051522497N,MAJID AL FUTTAIM HYPERMARKETS LIMITED,KRAMW019202207043370,20/05/2026,|0190433700000033819,ETIMS/TIMS sales,224000.00
P051522497N,MAJID AL FUTTAIM HYPERMARKETS LIMITED,KRAMW019202207043370,20/05/2026,|0190433700000033820,ETIMS/TIMS sales,268800.00
P051522497N,MAJID AL FUTTAIM HYPERMARKETS LIMITED,KRAMW019202207043370,20/05/2026,|0190433700000033821,ETIMS/TIMS sales,22400.00
P051522497N,MAJID AL FUTTAIM HYPERMARKETS LIMITED,KRAMW019202207043370,20/05/2026,|0190433700000033822,ETIMS/TIMS sales,44800.00
P051522497N,MAJID AL FUTTAIM HYPERMARKETS LIMITED,KRAMW019202207043370,20/05/2026,|0190433700000033823,ETIMS/TIMS sales,44800.00
P051188806D,QUICK MART LIMITED,KRAMW019202207043370,20/05/2026,|0190433700000033824,ETIMS/TIMS sales,-972000.00
P051522497N,MAJID AL FUTTAIM HYPERMARKETS LIMITED,KRAMW019202207043370,20/05/2026,|0190433700000033827,ETIMS/TIMS sales,194400.00
P051522497N,MAJID AL FUTTAIM HYPERMARKETS LIMITED,KRAMW019202207043370,20/05/2026,|0190433700000033828,ETIMS/TIMS sales,16000.00
P051522497N,MAJID AL FUTTAIM HYPERMARKETS LIMITED,KRAMW019202207043370,20/05/2026,|0190433700000033829,ETIMS/TIMS sales,6480.00
P051522497N,MAJID AL FUTTAIM HYPERMARKETS LIMITED,KRAMW019202207043370,20/05/2026,|0190433700000033830,ETIMS/TIMS sales,155520.00
P051522497N,MAJID AL FUTTAIM HYPERMARKETS LIMITED,KRAMW019202207043370,20/05/2026,|0190433700000033832,ETIMS/TIMS sales,8000.00
P051522497N,MAJID AL FUTTAIM HYPERMARKETS LIMITED,KRAMW019202207043370,20/05/2026,|0190433700000033833,ETIMS/TIMS sales,4125.00
P051522497N,MAJID AL FUTTAIM HYPERMARKETS LIMITED,KRAMW019202207043370,20/05/2026,|0190433700000033834,ETIMS/TIMS sales,8000.00
P051522497N,MAJID AL FUTTAIM HYPERMARKETS LIMITED,KRAMW019202207043370,20/05/2026,|0190433700000033835,ETIMS/TIMS sales,81000.00
P051522497N,MAJID AL FUTTAIM HYPERMARKETS LIMITED,KRAMW019202207043370,20/05/2026,|0190433700000033838,ETIMS/TIMS sales,24000.00
P051522497N,MAJID AL FUTTAIM HYPERMARKETS LIMITED,KRAMW019202207043370,20/05/2026,|0190433700000033839,ETIMS/TIMS sales,16000.00
P051522497N,MAJID AL FUTTAIM HYPERMARKETS LIMITED,KRAMW019202207043370,20/05/2026,|0190433700000033840,ETIMS/TIMS sales,48000.00
P051522497N,MAJID AL FUTTAIM HYPERMARKETS LIMITED,KRAMW019202207043370,20/05/2026,|0190433700000033841,ETIMS/TIMS sales,13700.00
P051188806D,QUICK MART LIMITED,KRAMW019202207043370,20/05/2026,|0190433700000033843,ETIMS/TIMS sales,48000.00
P051522497N,MAJID AL FUTTAIM HYPERMARKETS LIMITED,KRAMW019202207043370,20/05/2026,|0190433700000033844,ETIMS/TIMS sales,5300.00
P051522497N,MAJID AL FUTTAIM HYPERMARKETS LIMITED,KRAMW019202207043370,20/05/2026,|0190433700000033845,ETIMS/TIMS sales,8000.00
P051522497N,MAJID AL FUTTAIM HYPERMARKETS LIMITED,KRAMW019202207043370,20/05/2026,|0190433700000033846,ETIMS/TIMS sales,85300.00
P051522497N,MAJID AL FUTTAIM HYPERMARKETS LIMITED,KRAMW019202207043370,20/05/2026,|0190433700000033847,ETIMS/TIMS sales,5450.00
P051229512W,,KRAMW019202207043370,21/05/2026,|0190433700000033849,ETIMS/TIMS sales,-3025.00
P051188806D,,KRAMW019202207043370,21/05/2026,|0190433700000033853,ETIMS/TIMS sales,48000.00
P051188806D,,KRAMW019202207043370,21/05/2026,|0190433700000033856,ETIMS/TIMS sales,58600.00
P051188806D,,KRAMW019202207043370,21/05/2026,|0190433700000033858,ETIMS/TIMS sales,48525.00
P051230411B,,KRAMW019202207043370,21/05/2026,|0190433700000033861,ETIMS/TIMS sales,-70142.86
P051574025A,,KRAMW019202207043370,21/05/2026,|0190433700000033862,ETIMS/TIMS sales,524000.00
P051229512W,,KRAMW019202207043370,21/05/2026,|0190433700000033864,ETIMS/TIMS sales,-9427.00
P051522497N,,KRAMW019202207043370,21/05/2026,|0190433700000033865,ETIMS/TIMS sales,179200.00
P051522497N,,KRAMW019202207043370,21/05/2026,|0190433700000033866,ETIMS/TIMS sales,5450.00
P051188806D,,KRAMW019202207043370,21/05/2026,|0190433700000033867,ETIMS/TIMS sales,17325.00
P051188806D,,KRAMW019202207043370,21/05/2026,|0190433700000033868,ETIMS/TIMS sales,4406400.00
P051123223G,,KRAMW019202207043370,21/05/2026,|0190433700000033869,ETIMS/TIMS sales,6717240.00
P051123223G,,KRAMW019202207043370,21/05/2026,|0190433700000033870,ETIMS/TIMS sales,1261260.00
P051123223G,,KRAMW019202207043370,21/05/2026,|0190433700000033871,ETIMS/TIMS sales,770770.00
P051123223G,,KRAMW019202207043370,21/05/2026,|0190433700000033872,ETIMS/TIMS sales,2040256.00
P051123223G,,KRAMW019202207043370,21/05/2026,|0190433700000033873,ETIMS/TIMS sales,8000740.00
P051123223G,,KRAMW019202207043370,21/05/2026,|0190433700000033874,ETIMS/TIMS sales,565000.00
P051123223G,,KRAMW019202207043370,21/05/2026,|0190433700000033875,ETIMS/TIMS sales,5020000.00
P051123223G,,KRAMW019202207043370,21/05/2026,|0190433700000033876,ETIMS/TIMS sales,428760.00
P051123223G,,KRAMW019202207043370,21/05/2026,|0190433700000033877,ETIMS/TIMS sales,175175.00
P051123223G,,KRAMW019202207043370,21/05/2026,|0190433700000033878,ETIMS/TIMS sales,7447720.00
P051123223G,,KRAMW019202207043370,21/05/2026,|0190433700000033879,ETIMS/TIMS sales,1429200.00
P051123223G,,KRAMW019202207043370,21/05/2026,|0190433700000033880,ETIMS/TIMS sales,8495800.00
P051123223G,,KRAMW019202207043370,21/05/2026,|0190433700000033881,ETIMS/TIMS sales,397000.00
P051123223G,,KRAMW019202207043370,21/05/2026,|0190433700000033882,ETIMS/TIMS sales,77808.50
P051229512W,,KRAMW019202207043370,21/05/2026,|0190433700000033883,ETIMS/TIMS sales,1644000.00
P051522497N,,KRAMW019202207043370,21/05/2026,|0190433700000033884,ETIMS/TIMS sales,155520.00
P051522497N,,KRAMW019202207043370,21/05/2026,|0190433700000033885,ETIMS/TIMS sales,194400.00
P051522497N,,KRAMW019202207043370,21/05/2026,|0190433700000033886,ETIMS/TIMS sales,8400.00
P051522497N,,KRAMW019202207043370,21/05/2026,|0190433700000033887,ETIMS/TIMS sales,32000.00
P051522497N,,KRAMW019202207043370,21/05/2026,|0190433700000033888,ETIMS/TIMS sales,17920.00
P051230411B,,KRAMW019202207043370,21/05/2026,|0190433700000033894,ETIMS/TIMS sales,1875000.00
P051229512W,,KRAMW019202207043370,21/05/2026,|0190433700000033895,ETIMS/TIMS sales,1027500.00
P000633391Y,,KRAMW019202207043370,21/05/2026,|0190433700000033896,ETIMS/TIMS sales,2256800.00
P051188806D,QUICK MART LIMITED,KRAMW019202207043370,22/05/2026,|0190433700000033897,ETIMS/TIMS sales,1814400.00
P051676640N,LAKHANI GENERAL SUPPLIERS LIMITED,KRAMW019202207043370,22/05/2026,|0190433700000033898,ETIMS/TIMS sales,245000.00
P051373450Z,Best Buy Distributors,KRAMW019202207043370,22/05/2026,|0190433700000033900,ETIMS/TIMS sales,57500.00
P051522497N,MAJID AL FUTTAIM HYPERMARKETS LIMITED,KRAMW019202207043370,22/05/2026,|0190433700000033902,ETIMS/TIMS sales,36125.00
P051188806D,QUICK MART LIMITED,KRAMW019202207043370,22/05/2026,|0190433700000033903,ETIMS/TIMS sales,71775.00
P051504774L,MAGUNAS SUPER STORE (K) LIMITED,KRAMW019202207043370,22/05/2026,|0190433700000033904,ETIMS/TIMS sales,45380.00
P051188806D,QUICK MART LIMITED,KRAMW019202207043370,22/05/2026,|0190433700000033906,ETIMS/TIMS sales,59150.00
P051188806D,QUICK MART LIMITED,KRAMW019202207043370,22/05/2026,|0190433700000033907,ETIMS/TIMS sales,72000.00
P051096118V,SHREE SAI INDUSTRIES LIMITED,KRAMW019202207043370,22/05/2026,|0190433700000033908,ETIMS/TIMS sales,455000.00
A000178861W,KARAMA MAHFUDH BREK ATHMAN,KRAMW019202207043370,22/05/2026,|0190433700000033909,ETIMS/TIMS sales,154100.00
P000614975E,KILIMANI GREENGROCERS AND SUNDRIES LIMITED,KRAMW019202207043370,22/05/2026,|0190433700000033910,ETIMS/TIMS sales,450000.00
P051447063J,RAISONS DISTRIBUTORS LIMITED,KRAMW019202207043370,22/05/2026,|0190433700000033911,ETIMS/TIMS sales,875500.00
A000178861W,KARAMA MAHFUDH BREK ATHMAN,KRAMW019202207043370,22/05/2026,|0190433700000033913,ETIMS/TIMS sales,-11200.00
P051229512W,Eedi Kenya Limited,KRAMW019202207043370,22/05/2026,|0190433700000033914,ETIMS/TIMS sales,-93775.00
P051522497N,MAJID AL FUTTAIM HYPERMARKETS LIMITED,KRAMW019202207043370,22/05/2026,|0190433700000033916,ETIMS/TIMS sales,388800.00
P051522497N,MAJID AL FUTTAIM HYPERMARKETS LIMITED,KRAMW019202207043370,22/05/2026,|0190433700000033917,ETIMS/TIMS sales,324000.00
P051188806D,QUICK MART LIMITED,KRAMW019202207043370,22/05/2026,|0190433700000033918,ETIMS/TIMS sales,4025.00
P051522497N,MAJID AL FUTTAIM HYPERMARKETS LIMITED,KRAMW019202207043370,22/05/2026,|0190433700000033919,ETIMS/TIMS sales,8000.00
P051522497N,MAJID AL FUTTAIM HYPERMARKETS LIMITED,KRAMW019202207043370,22/05/2026,|0190433700000033920,ETIMS/TIMS sales,155520.00
P051118598P,Mahitaji Enterprises Limited,KRAMW019202207043370,22/05/2026,|0190433700000033921,ETIMS/TIMS sales,786000.00
P051229512W,Eedi Kenya Limited,KRAMW019202207043370,22/05/2026,|0190433700000033922,ETIMS/TIMS sales,1459000.00
P051687330L,SAM WEST DISTRIBUTORS LIMITED,KRAMW019202207043370,22/05/2026,|0190433700000033923,ETIMS/TIMS sales,2562500.00
P051687330L,SAM WEST DISTRIBUTORS LIMITED,KRAMW019202207043370,22/05/2026,|0190433700000033924,ETIMS/TIMS sales,700000.00
P000618339C,DOSHI & COMPANY (HARDWARE) LIMITED,KRAMW019202207043370,23/05/2026,|0190433700000033926,ETIMS/TIMS sales,15750.00
P051123223G,NAIVAS LIMITED,KRAMW019202207043370,23/05/2026,|0190433700000033927,ETIMS/TIMS sales,324211.00
P051123223G,NAIVAS LIMITED,KRAMW019202207043370,23/05/2026,|0190433700000033928,ETIMS/TIMS sales,142487.50
P051123223G,NAIVAS LIMITED,KRAMW019202207043370,23/05/2026,|0190433700000033929,ETIMS/TIMS sales,5600.00
P051188806D,QUICK MART LIMITED,KRAMW019202207043370,23/05/2026,|0190433700000033930,ETIMS/TIMS sales,62250.00
P051188806D,QUICK MART LIMITED,KRAMW019202207043370,23/05/2026,|0190433700000033935,ETIMS/TIMS sales,92500.00
P051188806D,QUICK MART LIMITED,KRAMW019202207043370,23/05/2026,|0190433700000033936,ETIMS/TIMS sales,77200.00
P051188806D,QUICK MART LIMITED,KRAMW019202207043370,23/05/2026,|0190433700000033937,ETIMS/TIMS sales,73150.00
P000591538Q,New Westland Stores Limited,KRAMW019202207043370,23/05/2026,|0190433700000033939,ETIMS/TIMS sales,450000.00
P000614975E,KILIMANI GREENGROCERS AND SUNDRIES LIMITED,KRAMW019202207043370,23/05/2026,|0190433700000033940,ETIMS/TIMS sales,192000.00
P051203756Z,Kibuye Matt Limited,KRAMW019202207043370,23/05/2026,|0190433700000033941,ETIMS/TIMS sales,725000.00
P051188806D,QUICK MART LIMITED,KRAMW019202207043370,25/05/2026,|0190433700000033942,ETIMS/TIMS sales,48000.00
P051188806D,QUICK MART LIMITED,KRAMW019202207043370,25/05/2026,|0190433700000033943,ETIMS/TIMS sales,61300.00
P051188806D,QUICK MART LIMITED,KRAMW019202207043370,25/05/2026,|0190433700000033945,ETIMS/TIMS sales,70725.00
P051188806D,QUICK MART LIMITED,KRAMW019202207043370,25/05/2026,|0190433700000033946,ETIMS/TIMS sales,100625.00
P051188806D,QUICK MART LIMITED,KRAMW019202207043370,25/05/2026,|0190433700000033948,ETIMS/TIMS sales,16000.00
P051522497N,MAJID AL FUTTAIM HYPERMARKETS LIMITED,KRAMW019202207043370,25/05/2026,|0190433700000033949,ETIMS/TIMS sales,95150.00
P051522497N,MAJID AL FUTTAIM HYPERMARKETS LIMITED,KRAMW019202207043370,25/05/2026,|0190433700000033950,ETIMS/TIMS sales,30400.00
P051522497N,MAJID AL FUTTAIM HYPERMARKETS LIMITED,KRAMW019202207043370,25/05/2026,|0190433700000033951,ETIMS/TIMS sales,38400.00
A000186734N,PAREN RAMJI HADHA SHAH,KRAMW019202207043370,25/05/2026,|0190433700000033952,ETIMS/TIMS sales,112000.00
P051522497N,MAJID AL FUTTAIM HYPERMARKETS LIMITED,KRAMW019202207043370,25/05/2026,|0190433700000033953,ETIMS/TIMS sales,32800.00
P051522497N,MAJID AL FUTTAIM HYPERMARKETS LIMITED,KRAMW019202207043370,25/05/2026,|0190433700000033955,ETIMS/TIMS sales,136500.00
P051522497N,MAJID AL FUTTAIM HYPERMARKETS LIMITED,KRAMW019202207043370,25/05/2026,|0190433700000033956,ETIMS/TIMS sales,82000.00
P051522497N,MAJID AL FUTTAIM HYPERMARKETS LIMITED,KRAMW019202207043370,25/05/2026,|0190433700000033957,ETIMS/TIMS sales,152575.00
P051522497N,MAJID AL FUTTAIM HYPERMARKETS LIMITED,KRAMW019202207043370,25/05/2026,|0190433700000033958,ETIMS/TIMS sales,46800.00
A002672963C,JACQUELINE SELINA PAMBA,KRAMW019202207043370,25/05/2026,|0190433700000033960,ETIMS/TIMS sales,11500.00
P051118598P,Mahitaji Enterprises Limited,KRAMW019202207043370,25/05/2026,|0190433700000033961,ETIMS/TIMS sales,-5300.00
P000609939J,BAWAN LIMITED,KRAMW019202207043370,25/05/2026,|0190433700000033964,ETIMS/TIMS sales,33720.00
P052362666H,Dipu's Snacks Limited,KRAMW019202207043370,25/05/2026,|0190433700000033965,ETIMS/TIMS sales,62500.00
P052119050X,GILANI'S DISTRIBUTORS LTD,KRAMW019202207043370,25/05/2026,|0190433700000033966,ETIMS/TIMS sales,6464080.00
P052424870H,REFRONTIER XANA PHARMACY LIMITED,KRAMW019202207043370,25/05/2026,|0190433700000033967,ETIMS/TIMS sales,316400.00
P051146029U,Baraka Supermarket,KRAMW019202207043370,25/05/2026,|0190433700000033968,ETIMS/TIMS sales,41450.00
P051188806D,QUICK MART LIMITED,KRAMW019202207043370,25/05/2026,|0190433700000033969,ETIMS/TIMS sales,40000.00
P051843349M,Ck Upscales Limited,KRAMW019202207043370,25/05/2026,|0190433700000033971,ETIMS/TIMS sales,81100.00
P051583698Y,OTOMATT SUPERMARKET LIMITED,KRAMW019202207043370,25/05/2026,|0190433700000033972,ETIMS/TIMS sales,775000.00
P051229512W,Eedi Kenya Limited,KRAMW019202207043370,25/05/2026,|0190433700000033973,ETIMS/TIMS sales,353625.00
P051522497N,MAJID AL FUTTAIM HYPERMARKETS LIMITED,KRAMW019202207043370,25/05/2026,|0190433700000033974,ETIMS/TIMS sales,208050.00
P051522497N,MAJID AL FUTTAIM HYPERMARKETS LIMITED,KRAMW019202207043370,25/05/2026,|0190433700000033975,ETIMS/TIMS sales,35875.00
P051522497N,MAJID AL FUTTAIM HYPERMARKETS LIMITED,KRAMW019202207043370,25/05/2026,|0190433700000033976,ETIMS/TIMS sales,85700.00
P051522497N,MAJID AL FUTTAIM HYPERMARKETS LIMITED,KRAMW019202207043370,25/05/2026,|0190433700000033977,ETIMS/TIMS sales,30325.00
P051522497N,MAJID AL FUTTAIM HYPERMARKETS LIMITED,KRAMW019202207043370,25/05/2026,|0190433700000033978,ETIMS/TIMS sales,25600.00
P051522497N,MAJID AL FUTTAIM HYPERMARKETS LIMITED,KRAMW019202207043370,25/05/2026,|0190433700000033979,ETIMS/TIMS sales,388800.00
P051504774L,MAGUNAS SUPER STORE (K) LIMITED,KRAMW019202207043370,25/05/2026,|0190433700000033980,ETIMS/TIMS sales,28225.00
P051522497N,MAJID AL FUTTAIM HYPERMARKETS LIMITED,KRAMW019202207043370,25/05/2026,|0190433700000033983,ETIMS/TIMS sales,24000.00
P051522497N,MAJID AL FUTTAIM HYPERMARKETS LIMITED,KRAMW019202207043370,25/05/2026,|0190433700000033984,ETIMS/TIMS sales,14400.00
P051522497N,MAJID AL FUTTAIM HYPERMARKETS LIMITED,KRAMW019202207043370,25/05/2026,|0190433700000033985,ETIMS/TIMS sales,14250.00
P051522497N,MAJID AL FUTTAIM HYPERMARKETS LIMITED,KRAMW019202207043370,25/05/2026,|0190433700000033986,ETIMS/TIMS sales,6400.00
P051522497N,MAJID AL FUTTAIM HYPERMARKETS LIMITED,KRAMW019202207043370,25/05/2026,|0190433700000033987,ETIMS/TIMS sales,49525.00
P051522497N,MAJID AL FUTTAIM HYPERMARKETS LIMITED,KRAMW019202207043370,25/05/2026,|0190433700000033988,ETIMS/TIMS sales,796205.00
P051421255S,BRANDABLES E.A LIMITED,KRAMW019202207043370,25/05/2026,|0190433700000033989,ETIMS/TIMS sales,254000.00
P051522497N,MAJID AL FUTTAIM HYPERMARKETS LIMITED,KRAMW019202207043370,25/05/2026,|0190433700000033990,ETIMS/TIMS sales,64800.00
P051713174I,I & G WHOLESALERS LIMITED,KRAMW019202207043370,26/05/2026,|0190433700000033991,ETIMS/TIMS sales,516500.00
P051466434G,Takbir Distributors Limited,KRAMW019202207043370,26/05/2026,|0190433700000033992,ETIMS/TIMS sales,181300.00
P051530275C,Reliable Food And Logistics Limited,KRAMW019202207043370,26/05/2026,|0190433700000033993,ETIMS/TIMS sales,984000.00
P051522497N,MAJID AL FUTTAIM HYPERMARKETS LIMITED,KRAMW019202207043370,26/05/2026,|0190433700000033994,ETIMS/TIMS sales,24000.00
P051522497N,MAJID AL FUTTAIM HYPERMARKETS LIMITED,KRAMW019202207043370,26/05/2026,|0190433700000033995,ETIMS/TIMS sales,107600.00
P051522497N,MAJID AL FUTTAIM HYPERMARKETS LIMITED,KRAMW019202207043370,26/05/2026,|0190433700000033996,ETIMS/TIMS sales,30400.00
P051522497N,MAJID AL FUTTAIM HYPERMARKETS LIMITED,KRAMW019202207043370,26/05/2026,|0190433700000033997,ETIMS/TIMS sales,12800.00
P051522497N,MAJID AL FUTTAIM HYPERMARKETS LIMITED,KRAMW019202207043370,26/05/2026,|0190433700000033999,ETIMS/TIMS sales,155525.00
P051522497N,MAJID AL FUTTAIM HYPERMARKETS LIMITED,KRAMW019202207043370,26/05/2026,|0190433700000034000,ETIMS/TIMS sales,8000.00
P051188806D,QUICK MART LIMITED,KRAMW019202207043370,26/05/2026,|0190433700000034001,ETIMS/TIMS sales,296250.00
P051522497N,MAJID AL FUTTAIM HYPERMARKETS LIMITED,KRAMW019202207043370,26/05/2026,|0190433700000034003,ETIMS/TIMS sales,612925.00
P051522497N,MAJID AL FUTTAIM HYPERMARKETS LIMITED,KRAMW019202207043370,26/05/2026,|0190433700000034004,ETIMS/TIMS sales,344220.00
P000601772P,Chandarana Supermarket Limited,KRAMW019202207043370,26/05/2026,|0190433700000034005,ETIMS/TIMS sales,7837.50
P051522497N,MAJID AL FUTTAIM HYPERMARKETS LIMITED,KRAMW019202207043370,26/05/2026,|0190433700000034006,ETIMS/TIMS sales,641280.00
P052013881Z,GLOVO INFRASTRUCTURE SERVICES KENYA LTD,KRAMW019202207043370,26/05/2026,|0190433700000034007,ETIMS/TIMS sales,6790.00
P052013881Z,GLOVO INFRASTRUCTURE SERVICES KENYA LTD,KRAMW019202207043370,26/05/2026,|0190433700000034008,ETIMS/TIMS sales,38840.00
P051522497N,MAJID AL FUTTAIM HYPERMARKETS LIMITED,KRAMW019202207043370,26/05/2026,|0190433700000034009,ETIMS/TIMS sales,38200.00
P051522497N,MAJID AL FUTTAIM HYPERMARKETS LIMITED,KRAMW019202207043370,26/05/2026,|0190433700000034010,ETIMS/TIMS sales,7300.00
P051123223G,NAIVAS LIMITED,KRAMW019202207043370,26/05/2026,|0190433700000034011,ETIMS/TIMS sales,2461400.00
P051123223G,NAIVAS LIMITED,KRAMW019202207043370,26/05/2026,|0190433700000034012,ETIMS/TIMS sales,7930670.00
P051100907F,PANDYA MEMORIAL HOSPITAL,KRAMW019202207043370,26/05/2026,|0190433700000034013,ETIMS/TIMS sales,44000.00
P051203756Z,Kibuye Matt Limited,KRAMW019202207043370,26/05/2026,|0190433700000034014,ETIMS/TIMS sales,-1600.00
P051229512W,Eedi Kenya Limited,KRAMW019202207043370,26/05/2026,|0190433700000034015,ETIMS/TIMS sales,-50000.00
P000628476L,Khetia Drapers Limited,KRAMW019202207043370,26/05/2026,|0190433700000034016,ETIMS/TIMS sales,5557100.00
P051123223G,NAIVAS LIMITED,KRAMW019202207043370,26/05/2026,|0190433700000034017,ETIMS/TIMS sales,261501.00
P052102234G,ENZA AIRPORT HOTEL LIMITED,KRAMW019202207043370,26/05/2026,|0190433700000034018,ETIMS/TIMS sales,49000.00
P051522497N,MAJID AL FUTTAIM HYPERMARKETS LIMITED,KRAMW019202207043370,26/05/2026,|0190433700000034019,ETIMS/TIMS sales,172670.00
P051522497N,MAJID AL FUTTAIM HYPERMARKETS LIMITED,KRAMW019202207043370,26/05/2026,|0190433700000034020,ETIMS/TIMS sales,144700.00
P051522497N,MAJID AL FUTTAIM HYPERMARKETS LIMITED,KRAMW019202207043370,26/05/2026,|0190433700000034021,ETIMS/TIMS sales,777600.00
P051522497N,MAJID AL FUTTAIM HYPERMARKETS LIMITED,KRAMW019202207043370,26/05/2026,|0190433700000034022,ETIMS/TIMS sales,47400.00
P051522497N,MAJID AL FUTTAIM HYPERMARKETS LIMITED,KRAMW019202207043370,26/05/2026,|0190433700000034023,ETIMS/TIMS sales,777600.00
P051123223G,NAIVAS LIMITED,KRAMW019202207043370,26/05/2026,|0190433700000034024,ETIMS/TIMS sales,3557120.00
P051123223G,NAIVAS LIMITED,KRAMW019202207043370,26/05/2026,|0190433700000034025,ETIMS/TIMS sales,9123060.00
P051123223G,NAIVAS LIMITED,KRAMW019202207043370,26/05/2026,|0190433700000034026,ETIMS/TIMS sales,397000.00
P051123223G,NAIVAS LIMITED,KRAMW019202207043370,26/05/2026,|0190433700000034027,ETIMS/TIMS sales,794000.00
P051123223G,NAIVAS LIMITED,KRAMW019202207043370,26/05/2026,|0190433700000034028,ETIMS/TIMS sales,6741060.00
P051123223G,NAIVAS LIMITED,KRAMW019202207043370,26/05/2026,|0190433700000034029,ETIMS/TIMS sales,2771060.00
P051123223G,NAIVAS LIMITED,KRAMW019202207043370,26/05/2026,|0190433700000034030,ETIMS/TIMS sales,6237000.00
P051123223G,NAIVAS LIMITED,KRAMW019202207043370,26/05/2026,|0190433700000034031,ETIMS/TIMS sales,217670.00
P051123223G,NAIVAS LIMITED,KRAMW019202207043370,26/05/2026,|0190433700000034032,ETIMS/TIMS sales,428760.00
P051123223G,NAIVAS LIMITED,KRAMW019202207043370,26/05/2026,|0190433700000034033,ETIMS/TIMS sales,5275150.00
P051123223G,NAIVAS LIMITED,KRAMW019202207043370,26/05/2026,|0190433700000034034,ETIMS/TIMS sales,233930.00
P051123223G,NAIVAS LIMITED,KRAMW019202207043370,26/05/2026,|0190433700000034035,ETIMS/TIMS sales,428760.00
P051123223G,NAIVAS LIMITED,KRAMW019202207043370,26/05/2026,|0190433700000034036,ETIMS/TIMS sales,350222.50
P051123223G,NAIVAS LIMITED,KRAMW019202207043370,26/05/2026,|0190433700000034037,ETIMS/TIMS sales,24200.00
P051123223G,NAIVAS LIMITED,KRAMW019202207043370,26/05/2026,|0190433700000034038,ETIMS/TIMS sales,432343.00
P051123223G,NAIVAS LIMITED,KRAMW019202207043370,26/05/2026,|0190433700000034039,ETIMS/TIMS sales,296300.00
P051123223G,NAIVAS LIMITED,KRAMW019202207043370,26/05/2026,|0190433700000034040,ETIMS/TIMS sales,568172.00
P051123223G,NAIVAS LIMITED,KRAMW019202207043370,26/05/2026,|0190433700000034041,ETIMS/TIMS sales,455650.00
P051123223G,NAIVAS LIMITED,KRAMW019202207043370,26/05/2026,|0190433700000034042,ETIMS/TIMS sales,28028.00
P051123223G,NAIVAS LIMITED,KRAMW019202207043370,26/05/2026,|0190433700000034043,ETIMS/TIMS sales,121343.00
P051123223G,NAIVAS LIMITED,KRAMW019202207043370,26/05/2026,|0190433700000034044,ETIMS/TIMS sales,428760.00
P051123223G,NAIVAS LIMITED,KRAMW019202207043370,26/05/2026,|0190433700000034045,ETIMS/TIMS sales,428760.00
P051123223G,NAIVAS LIMITED,KRAMW019202207043370,26/05/2026,|0190433700000034046,ETIMS/TIMS sales,78467.00
P000591538Q,New Westland Stores Limited,KRAMW019202207043370,28/05/2026,|0190433700000034047,ETIMS/TIMS sales,-1000.00
P051522497N,MAJID AL FUTTAIM HYPERMARKETS LIMITED,KRAMW019202207043370,28/05/2026,|0190433700000034048,ETIMS/TIMS sales,30150.00
P051522497N,MAJID AL FUTTAIM HYPERMARKETS LIMITED,KRAMW019202207043370,28/05/2026,|0190433700000034049,ETIMS/TIMS sales,10600.00
P051522497N,MAJID AL FUTTAIM HYPERMARKETS LIMITED,KRAMW019202207043370,28/05/2026,|0190433700000034050,ETIMS/TIMS sales,40750.00
P051504774L,MAGUNAS SUPER STORE (K) LIMITED,KRAMW019202207043370,28/05/2026,|0190433700000034051,ETIMS/TIMS sales,70400.00
P051522497N,MAJID AL FUTTAIM HYPERMARKETS LIMITED,KRAMW019202207043370,28/05/2026,|0190433700000034052,ETIMS/TIMS sales,6250.00
P051522497N,MAJID AL FUTTAIM HYPERMARKETS LIMITED,KRAMW019202207043370,28/05/2026,|0190433700000034053,ETIMS/TIMS sales,30400.00
P051113483V,Dhanje Brothers,KRAMW019202207043370,28/05/2026,|0190433700000034057,ETIMS/TIMS sales,40000.00
P051229512W,Eedi Kenya Limited,KRAMW019202207043370,28/05/2026,|0190433700000034058,ETIMS/TIMS sales,1256000.00
P000614975E,KILIMANI GREENGROCERS AND SUNDRIES LIMITED,KRAMW019202207043370,28/05/2026,|0190433700000034059,ETIMS/TIMS sales,128000.00
P051591662G,Prideinn Paradise Beach Resort Limited,KRAMW019202207043370,28/05/2026,|0190433700000034060,ETIMS/TIMS sales,441000.00
P051522497N,MAJID AL FUTTAIM HYPERMARKETS LIMITED,KRAMW019202207043370,28/05/2026,|0190433700000034061,ETIMS/TIMS sales,505600.00
P000601772P,Chandarana Supermarket Limited,KRAMW019202207043370,28/05/2026,|0190433700000034062,ETIMS/TIMS sales,10568.75
P051422693H,HALAAL SUPERMARKET LIMITED,KRAMW019202207043370,28/05/2026,|0190433700000034064,ETIMS/TIMS sales,898000.00
P051123223G,NAIVAS LIMITED,KRAMW019202207043370,28/05/2026,|0190433700000034066,ETIMS/TIMS sales,230825.00
P051123223G,NAIVAS LIMITED,KRAMW019202207043370,28/05/2026,|0190433700000034067,ETIMS/TIMS sales,399178.00
P051123223G,NAIVAS LIMITED,KRAMW019202207043370,28/05/2026,|0190433700000034068,ETIMS/TIMS sales,571680.00
P051123223G,NAIVAS LIMITED,KRAMW019202207043370,28/05/2026,|0190433700000034069,ETIMS/TIMS sales,285840.00
P051123223G,NAIVAS LIMITED,KRAMW019202207043370,28/05/2026,|0190433700000034070,ETIMS/TIMS sales,63257.00
P051123223G,NAIVAS LIMITED,KRAMW019202207043370,28/05/2026,|0190433700000034071,ETIMS/TIMS sales,514512.00
P051123223G,NAIVAS LIMITED,KRAMW019202207043370,28/05/2026,|0190433700000034072,ETIMS/TIMS sales,632800.00
P051123223G,NAIVAS LIMITED,KRAMW019202207043370,28/05/2026,|0190433700000034073,ETIMS/TIMS sales,127304.56
P051676640N,LAKHANI GENERAL SUPPLIERS LIMITED,KRAMW019202207043370,28/05/2026,|0190433700000034074,ETIMS/TIMS sales,124000.00
P051522497N,MAJID AL FUTTAIM HYPERMARKETS LIMITED,KRAMW019202207043370,28/05/2026,|0190433700000034075,ETIMS/TIMS sales,360000.00
P051305051V,NGUKU WHOLESALERS LIMITED,KRAMW019202207043370,28/05/2026,|0190433700000034077,ETIMS/TIMS sales,184550.00
P051874168U,PRIDEINN AZURE HOTEL LIMITED,KRAMW019202207043370,28/05/2026,|0190433700000034079,ETIMS/TIMS sales,73500.00
P051522497N,MAJID AL FUTTAIM HYPERMARKETS LIMITED,KRAMW019202207043370,28/05/2026,|0190433700000034080,ETIMS/TIMS sales,7300.00
P051522497N,MAJID AL FUTTAIM HYPERMARKETS LIMITED,KRAMW019202207043370,28/05/2026,|0190433700000034081,ETIMS/TIMS sales,30800.00
P051522497N,MAJID AL FUTTAIM HYPERMARKETS LIMITED,KRAMW019202207043370,28/05/2026,|0190433700000034082,ETIMS/TIMS sales,67825.00
P051522497N,MAJID AL FUTTAIM HYPERMARKETS LIMITED,KRAMW019202207043370,28/05/2026,|0190433700000034083,ETIMS/TIMS sales,37500.00
P051522497N,MAJID AL FUTTAIM HYPERMARKETS LIMITED,KRAMW019202207043370,28/05/2026,|0190433700000034084,ETIMS/TIMS sales,21500.00
P000601772P,Chandarana Supermarket Limited,KRAMW019202207043370,28/05/2026,|0190433700000034085,ETIMS/TIMS sales,15200.00
P051522497N,MAJID AL FUTTAIM HYPERMARKETS LIMITED,KRAMW019202207043370,28/05/2026,|0190433700000034086,ETIMS/TIMS sales,40000.00
P051522497N,MAJID AL FUTTAIM HYPERMARKETS LIMITED,KRAMW019202207043370,28/05/2026,|0190433700000034087,ETIMS/TIMS sales,417800.00
P051522497N,MAJID AL FUTTAIM HYPERMARKETS LIMITED,KRAMW019202207043370,28/05/2026,|0190433700000034088,ETIMS/TIMS sales,19600.00
P051147119S,Clean Shelf Supermarkets Limited,KRAMW019202207043370,28/05/2026,|0190433700000034089,ETIMS/TIMS sales,703150.00
P051147119S,Clean Shelf Supermarkets Limited,KRAMW019202207043370,28/05/2026,|0190433700000034090,ETIMS/TIMS sales,2340600.00
P051522497N,MAJID AL FUTTAIM HYPERMARKETS LIMITED,KRAMW019202207043370,29/05/2026,|0190433700000034092,ETIMS/TIMS sales,15575.00
P051522497N,MAJID AL FUTTAIM HYPERMARKETS LIMITED,KRAMW019202207043370,29/05/2026,|0190433700000034093,ETIMS/TIMS sales,16000.00
P051123223G,NAIVAS LIMITED,KRAMW019202207043370,29/05/2026,|0190433700000034094,ETIMS/TIMS sales,257256.00
P051123223G,NAIVAS LIMITED,KRAMW019202207043370,29/05/2026,|0190433700000034095,ETIMS/TIMS sales,304588.00
P051123223G,NAIVAS LIMITED,KRAMW019202207043370,29/05/2026,|0190433700000034096,ETIMS/TIMS sales,514512.00
P051123223G,NAIVAS LIMITED,KRAMW019202207043370,29/05/2026,|0190433700000034097,ETIMS/TIMS sales,170948.00
P051123223G,NAIVAS LIMITED,KRAMW019202207043370,29/05/2026,|0190433700000034098,ETIMS/TIMS sales,555037.00
P051123223G,NAIVAS LIMITED,KRAMW019202207043370,29/05/2026,|0190433700000034099,ETIMS/TIMS sales,285840.00
P051123223G,NAIVAS LIMITED,KRAMW019202207043370,29/05/2026,|0190433700000034100,ETIMS/TIMS sales,379024.00
P051123223G,NAIVAS LIMITED,KRAMW019202207043370,29/05/2026,|0190433700000034101,ETIMS/TIMS sales,255015.00
P051229512W,Eedi Kenya Limited,KRAMW019202207043370,29/05/2026,|0190433700000034102,ETIMS/TIMS sales,-4500.00
P051229512W,Eedi Kenya Limited,KRAMW019202207043370,29/05/2026,|0190433700000034103,ETIMS/TIMS sales,-3075.00
P051229512W,Eedi Kenya Limited,KRAMW019202207043370,29/05/2026,|0190433700000034104,ETIMS/TIMS sales,-1513.50
P051230411B,SUMMER MILLERS LIMITED,KRAMW019202207043370,29/05/2026,|0190433700000034105,ETIMS/TIMS sales,-18534.00
P051504774L,MAGUNAS SUPER STORE (K) LIMITED,KRAMW019202207043370,29/05/2026,|0190433700000034107,ETIMS/TIMS sales,21550.00
P051591662G,Prideinn Paradise Beach Resort Limited,KRAMW019202207043370,29/05/2026,|0190433700000034108,ETIMS/TIMS sales,192000.00
P000601772P,Chandarana Supermarket Limited,KRAMW019202207043370,29/05/2026,|0190433700000034109,ETIMS/TIMS sales,77360.00
P000601772P,Chandarana Supermarket Limited,KRAMW019202207043370,29/05/2026,|0190433700000034110,ETIMS/TIMS sales,419715.00
P000601772P,Chandarana Supermarket Limited,KRAMW019202207043370,29/05/2026,|0190433700000034111,ETIMS/TIMS sales,217350.00
P000601772P,Chandarana Supermarket Limited,KRAMW019202207043370,29/05/2026,|0190433700000034112,ETIMS/TIMS sales,49755.00
P051100907F,PANDYA MEMORIAL HOSPITAL,KRAMW019202207043370,29/05/2026,|0190433700000034113,ETIMS/TIMS sales,-11000.00
P000601772P,Chandarana Supermarket Limited,KRAMW019202207043370,29/05/2026,|0190433700000034114,ETIMS/TIMS sales,-222005.50
P051522497N,MAJID AL FUTTAIM HYPERMARKETS LIMITED,KRAMW019202207043370,29/05/2026,|0190433700000034115,ETIMS/TIMS sales,-72900.00
P051522497N,MAJID AL FUTTAIM HYPERMARKETS LIMITED,KRAMW019202207043370,29/05/2026,|0190433700000034116,ETIMS/TIMS sales,-50950.00
P051522497N,MAJID AL FUTTAIM HYPERMARKETS LIMITED,KRAMW019202207043370,29/05/2026,|0190433700000034117,ETIMS/TIMS sales,-4125.00
P051522497N,MAJID AL FUTTAIM HYPERMARKETS LIMITED,KRAMW019202207043370,29/05/2026,|0190433700000034118,ETIMS/TIMS sales,-19200.00
P051229512W,Eedi Kenya Limited,KRAMW019202207043370,29/05/2026,|0190433700000034119,ETIMS/TIMS sales,933250.00
P000633391Y,CRISS CROSS LIMITED,KRAMW019202207043370,29/05/2026,|0190433700000034120,ETIMS/TIMS sales,2457000.00
P051574025A,MZAMSSA DISTRIBUTORS LIMITED,KRAMW019202207043370,30/05/2026,|0190433700000034121,ETIMS/TIMS sales,780000.00
P051123223G,NAIVAS LIMITED,KRAMW019202207043370,30/05/2026,|0190433700000034122,ETIMS/TIMS sales,177442.00
P000601772P,Chandarana Supermarket Limited,KRAMW019202207043370,30/05/2026,|0190433700000034123,ETIMS/TIMS sales,22515.00
P051522497N,MAJID AL FUTTAIM HYPERMARKETS LIMITED,KRAMW019202207043370,30/05/2026,|0190433700000034124,ETIMS/TIMS sales,1620000.00
P052102228I,Enza Mara Limited,KRAMW019202207043370,30/05/2026,|0190433700000034125,ETIMS/TIMS sales,49000.00
P051504774L,MAGUNAS SUPER STORE (K) LIMITED,KRAMW019202207043370,30/05/2026,|0190433700000034126,ETIMS/TIMS sales,95475.00
P051522497N,MAJID AL FUTTAIM HYPERMARKETS LIMITED,KRAMW019202207043370,30/05/2026,|0190433700000034127,ETIMS/TIMS sales,19600.00
P051522497N,MAJID AL FUTTAIM HYPERMARKETS LIMITED,KRAMW019202207043370,30/05/2026,|0190433700000034128,ETIMS/TIMS sales,52350.00
P051522497N,MAJID AL FUTTAIM HYPERMARKETS LIMITED,KRAMW019202207043370,30/05/2026,|0190433700000034129,ETIMS/TIMS sales,53900.00
P051522497N,MAJID AL FUTTAIM HYPERMARKETS LIMITED,KRAMW019202207043370,30/05/2026,|0190433700000034130,ETIMS/TIMS sales,49875.00
P051522497N,MAJID AL FUTTAIM HYPERMARKETS LIMITED,KRAMW019202207043370,30/05/2026,|0190433700000034131,ETIMS/TIMS sales,224650.00
P052424870H,REFRONTIER XANA PHARMACY LIMITED,KRAMW019202207043370,30/05/2026,|0190433700000034133,ETIMS/TIMS sales,126000.00
P051123223G,NAIVAS LIMITED,KRAMW019202207043370,30/05/2026,|0190433700000034135,ETIMS/TIMS sales,800000.00
P051123223G,NAIVAS LIMITED,KRAMW019202207043370,30/05/2026,|0190433700000034136,ETIMS/TIMS sales,2200000.00
P051123223G,NAIVAS LIMITED,KRAMW019202207043370,30/05/2026,|0190433700000034137,ETIMS/TIMS sales,1126000.00
